,baseline_4.4,0.5,1.0,1.5,2.0,2.5,3.0,3.5,4.0,4.4,4.5,5.0,6.0,7.0,8.0,9.0,10.0
0,30.289079175674203,1579.4255581460732,1243.886695897971,907.4668809597521,571.1888832389033,291.82237241114933,96.3299364481939,48.75390082556773,32.708227509556934,30.289079175674203,29.73133720205844,27.32930697286109,22.607642100956152,18.12133982169194,14.940929682653177,13.19056408737767,12.965877366492029
1,27.80169576989852,1577.8602056813816,1242.5864060647975,906.4126153269461,570.7632469127867,290.6687073044795,95.35941558736812,39.954892825239746,30.094065975098378,27.80169576989852,26.97951903443932,23.98973252603058,19.69691106386479,15.729843230315755,13.526968982855399,12.719463211709945,11.60460468309042
2,18.682559161204445,1575.5795036947532,1240.6133367916152,905.5406679605512,570.3700021822676,290.0852108240138,93.44031009227002,35.6196561361668,26.02215553465168,18.682559161204445,18.27540392363638,16.380795846950903,14.944792109791543,14.143152686003193,12.510590303794373,10.627418783075107,8.785102496645319
3,17.455636061591555,1501.1141602583434,1175.138051400476,851.8049204069853,531.2582133413698,267.97995761139816,93.09219818797442,30.23662154578842,20.314323761974315,17.455636061591555,16.99240194759899,14.673911493933092,10.974422933289592,8.470373115712885,7.455103130235758,7.389319906352674,7.326446279263691
4,16.640427775050732,1499.6191925244266,1174.914867167399,850.8181181948173,528.8261512397431,264.2629724750166,87.99348060364346,28.402368675947624,19.3774331237766,16.640427775050732,16.243909195293835,14.41564293379479,10.178891170782961,7.94854706843859,6.002025764462427,4.504287576306233,4.052886171920574
5,16.62557764203017,1498.1632107496634,1174.84018018789,850.2942908577642,526.9272337949164,261.6257346089339,79.86269032125476,27.10017252885911,19.316994311033344,16.62557764203017,16.157619614183012,13.503005988113859,10.064102804658873,7.770543361747815,5.9040816246523615,4.138294451600975,3.175589115616773
6,16.512541315573987,1498.0310752046958,1173.9373143867715,848.2708158227761,526.2633963346124,261.1020639952809,79.23251037816593,25.404036974464947,18.61766751142457,16.512541315573987,15.987971680845243,13.48475305947243,9.903768067505919,7.453815476706882,5.121179640529487,3.6315108149012305,2.743224475818211
7,16.33081457289405,1497.9622510596964,1172.9082354354446,847.3791952096799,524.9457611211996,259.19596734144295,77.81425823841629,25.215274561613985,18.29641202765697,16.33081457289405,15.456955813266799,12.979036549054827,9.663307366647164,6.715218877862385,4.553585372637181,3.3913591065540474,2.694424876440928
8,15.318298081647308,1497.197704941428,1172.657871044136,847.1825504603669,524.4716515714352,258.7941711814386,76.73795228390301,24.862168713714897,17.144463091319757,15.318298081647308,15.374122618670048,12.750796446559107,8.834763770991877,6.675404183937108,3.8658309698536035,3.237125068736045,2.528679930889203
9,13.48223406793254,1491.269746465155,1169.5599830503686,847.0218698946319,524.292851233172,257.7508964149773,75.9092555153469,24.815420830447955,16.693141987027523,13.48223406793254,13.167063668980521,11.656043565653151,8.322794619629573,5.476406501928737,3.744448117805316,3.0820491957492577,2.481994542539091
10,12.9796818812904,1490.8261384787004,1169.5180383962027,846.9502285143162,521.5847395808561,257.6603652927777,74.321919980736,23.36369659007815,15.083021282953757,12.9796818812904,12.65644443304452,11.105568317727897,7.906021233681237,5.435338826829032,3.68238548941415,2.5911155154539913,2.280146400982124
11,12.907484385191244,1490.2664722177535,1169.2046442799776,846.6831589599892,521.3067550294132,253.5526299164615,74.3196580746002,23.02141209688529,14.917884453047092,12.907484385191244,12.537098365133449,10.61642968482406,6.984244863137742,5.292659291117276,3.298679019660815,2.3089138357010204,1.910773064573819
12,12.904337641320003,1488.4526354206102,1168.8665904610132,846.6393358612371,521.0167727599937,251.34946195061792,73.9528872901771,22.934327882262387,14.901304588723125,12.904337641320003,12.535895732036245,10.229338512683077,6.468175414565575,4.577025022291513,2.7732061028914736,2.003651354156207,1.4730927282662745
13,10.950997539555578,1487.954835761698,1168.232882179293,846.2525402173416,519.9783869837191,250.71595210541474,65.29068869258145,22.74935485221534,12.502846219583626,10.950997539555578,10.64457350176693,9.31413329405333,5.827349266105648,3.492262629263612,2.6538767321527925,1.5943398773972222,1.3887845916027555
14,10.464334266994918,1451.4277742816141,1136.9732664536853,825.473573438415,516.5075761970186,250.41217209673098,65.07994269929767,22.367289155998694,12.06839380763143,10.464334266994918,10.118060647905368,8.469005651087887,4.097933327832047,3.3611132498039935,2.276011882897224,1.4503090035762742,1.062174483682821
15,9.6265635970878,1450.2718756934958,1136.1446060347496,823.2738883377324,510.53434823388466,249.46205553652027,64.8043363236151,21.705602999154884,11.882883786521178,9.6265635970878,8.79321960958286,6.648877194138077,3.6085141629926794,2.7171581446592983,1.5118334158635056,1.4000256282743138,1.0366980928065628
16,8.353092079177987,1449.1655733239331,1135.8380098472476,819.3482542916166,502.98967632915605,242.3889201531184,64.68394759403867,21.691723869652733,10.771823060558278,8.353092079177987,8.029073956661332,5.89649858278188,3.4271646609405377,2.5103641627724,1.2910447384940982,1.0987015978424357,0.8079404336468934
17,6.468331155353939,1448.1153326105014,1134.856249743055,818.5430326195516,502.3609930892185,241.93677534530826,64.18301457861233,20.815314052432704,9.819748171962253,6.468331155353939,6.248690461311906,5.212440670386712,2.781102419770616,1.5733608331821436,1.1607099568908044,0.8643173468389458,0.8026086495402769
18,6.449128204666016,1448.0929695058608,1133.8406165377578,817.6156686303182,501.5218983160488,241.18594978820232,64.1728661636919,20.765614707617736,9.13392448681342,6.449128204666016,6.242942732693411,4.831693229970346,2.773142591875181,1.360477393773872,1.1282590858367003,0.8612424346092105,0.7875291632816701
19,5.86127130570224,1447.5288879171585,1132.2627772750257,816.2950732898689,500.5838029118757,240.63035432030554,64.14177998257294,20.50146376518723,8.887989877530114,5.86127130570224,5.421517981154123,3.501134958099199,2.183315203359093,1.2227199430550324,1.0778141307563698,0.8490535765208076,0.6723478773738463
20,5.397777192555674,1389.192770317139,1084.7249271068072,779.3570927752083,475.5689955175773,234.09323615535365,63.968684450952395,20.310087124363662,8.493048923846876,5.397777192555674,4.925231943229823,3.202079536637898,1.6348984967433369,1.063770480599403,0.9262183142393532,0.7356640578545699,0.6602131028805316
21,3.398503119126033,1386.8947785860942,1082.60347380789,777.425664609302,474.1204360367805,227.2116536872054,63.77093686672285,19.958760474906924,8.092473165095281,3.398503119126033,3.2137240222228987,2.8705999644597346,1.2861240761964912,0.9883580563770273,0.9105779944059467,0.7338722888454923,0.6593759661017353
22,2.9474627444466295,1384.1331058022274,1080.047762528172,776.1095173567238,473.54221993293584,225.7486403254368,63.49403095775602,19.59257471095082,7.72207148959456,2.9474627444466295,2.93424682139346,2.7760888160265114,1.2284610385254497,0.9721723023747892,0.8477949103015421,0.7240880713051434,0.6266703312676734
23,2.2974153791059058,1383.3452584698575,1079.5098488185315,775.6306079650898,473.0501679478685,225.7108228062033,63.22659173224041,19.478840301686784,7.3523625382583,2.2974153791059058,2.116819005182005,1.6964376855515368,1.115746636770469,0.9600857029515164,0.7953967003542244,0.7209003796595594,0.6235332149709354
24,2.1683972584904763,1382.5100546646913,1079.3000443587491,775.1452419464794,472.3949693750227,225.65577364466247,63.099350155684135,18.490642336839855,7.295197182031188,2.1683972584904763,2.0112969317326086,1.5807464682096943,1.0894444112185129,0.8569211976457485,0.7879608711872574,0.6865714240016276,0.5618891566737791
25,1.9608925590987791,1381.7719303024232,1078.9543266870185,774.884080891467,471.5155707380529,225.19161013265924,63.08775527348908,17.39626657497186,7.260429121571683,1.9608925590987791,1.7272086621853877,1.457449254801974,1.0725943693114925,0.8518347562298081,0.7824247949940197,0.6235650341085566,0.5398073825375158
26,1.7997358362905098,1379.6654617065005,1077.9270232302372,774.4986075880787,471.3172421616102,224.9560708528973,62.23750281153718,17.26683603365732,7.184746075415663,1.7997358362905098,1.7200509818305842,1.4492127164925948,1.0514933504451334,0.8439492132287705,0.6863943271365254,0.5496313857834143,0.4335443322148522
27,1.733362788725021,1379.3348669503582,1077.433771969784,774.3020911118012,470.43820050443384,224.6416010847762,61.738891425222015,16.509555176262865,7.102501581669566,1.733362788725021,1.6122967860256154,1.3545542756298679,1.033877296355536,0.8399911725981328,0.6826264054185176,0.5185410770619663,0.4089799105725731
28,1.4212208931458914,1375.8136332321583,1074.9347608678618,773.1565413228564,470.4124240255916,224.35551115169667,61.27900354787606,16.27872217098011,5.704791936473961,1.4212208931458914,1.4065367884763371,1.2608764750886978,0.9819370915410008,0.7800601100840698,0.6782289226751537,0.47878778971012714,0.3894417276791333
29,1.41798860789149,1372.5497383424865,1071.8186252788544,772.8025766662251,470.17406608230954,224.10398375524224,60.62623082948032,16.23239981779855,5.638145300211054,1.41798860789149,1.3096028150231138,1.1966401836088094,0.9184474237574429,0.7407677184467683,0.5915291312671005,0.47050494219270833,0.3867266067848083
30,1.332853294998397,1370.418148796264,1070.1673354080426,770.1875210939551,469.4919844089234,223.12209592716727,60.50137218553113,15.664678478495725,5.2469800311382935,1.332853294998397,1.2811783538816182,1.1398899751740599,0.917939210688079,0.7070086630758086,0.5320303743446271,0.4566171831856136,0.3786822670211487
31,1.276599498631072,1369.512491310147,1070.155336766089,769.6677180561041,469.43298356128884,223.08202204649686,60.18250407109119,15.540961468093057,4.887726941971708,1.276599498631072,1.2257142744390501,1.1169805136421052,0.9139583143306793,0.6750014288189399,0.51768309086394,0.44381191828424305,0.273627781384737
32,1.2631390056552352,1369.1909945866992,1070.0336301440896,769.5583041020564,469.4227356420423,222.94548969692073,58.45454485498868,15.360620028454017,4.308110632121306,1.2631390056552352,1.2038131342866647,1.0485821744430786,0.9054736384173632,0.6254479681994689,0.5148564746506157,0.3575106513736708,0.2701175216428404
33,1.248954091044389,1367.8962703977145,1069.8133428360443,769.0538478775717,468.6875945022261,221.6985889461399,57.181815736801504,14.497106575100952,4.239077375444603,1.248954091044389,1.1970141795949447,1.0370042757554283,0.8287862356724742,0.5935595581015662,0.44779731676699663,0.33478306133497737,0.2546147355229771
34,1.2234024372372745,1367.310865033224,1068.665734007166,768.8924702643048,468.53585657670504,221.60734636296402,56.33240536583539,14.088390164611532,3.9943691458551855,1.2234024372372745,1.1962381422933306,1.0359074683742786,0.8206543626437142,0.5612144270912616,0.432934664829119,0.3317945174802335,0.24899877305043838
35,1.2075095782087635,1367.1121101047534,1068.4933824797383,768.53520649535,468.1768192673347,221.48898084881222,56.27653258890498,13.654022154093813,3.8523782346743816,1.2075095782087635,1.165924288129054,0.9955328406144679,0.8013255528382035,0.5530725514966899,0.42224472933065504,0.3161644995417665,0.24116678762185773
36,1.1878857564375127,1325.791349029754,1032.6808116196257,738.6702830882313,444.79093215000563,208.1296363257727,55.83153991540725,13.548031249147543,3.2687540404027438,1.1878857564375127,1.1424363897362984,0.97997694728071,0.7440071784258404,0.5352190769610174,0.42186971615850877,0.3094319610353693,0.23042601201348312
37,1.1478786570954895,1322.7465245908816,1030.2832947652207,736.920073818294,443.8755106608557,206.66940299820504,52.400378192271795,13.410358180936063,3.174071740286943,1.1478786570954895,1.1102416769294432,0.9669982612403549,0.6789964619067772,0.535179215523425,0.41421716779374895,0.30852191211002533,0.22798473549133647
38,1.1182880497107057,1241.364809126675,958.8465776441975,679.5828632474312,403.3573555219577,182.88966958290843,51.931857421264894,13.287082318606464,3.0043230754267363,1.1182880497107057,1.088496062478974,0.959534643537753,0.6563550072002091,0.5326427124160367,0.3777186219310502,0.3031067566488068,0.2222112579817006
39,1.01689849086446,1238.2195869083173,956.201547650201,675.4309596527298,396.7760284412883,174.24872746075152,50.29856238701414,13.2085688063225,2.675478985138451,1.01689849086446,1.0107441418798524,0.9396757039381176,0.6558843008621631,0.5097840671472258,0.3689265738614449,0.2927495300058982,0.21674303328690092
40,1.0100030133552482,1235.06153250507,955.9395485660742,675.2762987587597,395.9907915430755,172.4631061138161,45.713762366075414,13.122561496394543,2.5626826934888705,1.0100030133552482,0.9977603271832918,0.9394917917161012,0.6550925104616887,0.43928043941529005,0.3659941128424209,0.2895243041693849,0.21200247135750994
41,1.0039495155153737,1234.1352739128768,954.8535803527362,675.0611512082497,394.8877927824953,171.06725913583233,44.100605616579585,13.08409418156979,2.5558978387560045,1.0039495155153737,0.9636575419059272,0.8211252433955405,0.650104623385297,0.43507152448730846,0.35120741315011905,0.2737340444100398,0.20364139848690455
42,0.9841872591026151,1233.2155146585003,954.692983567613,674.6734922225409,392.23218385821815,170.8599151288747,42.238715247150544,12.403716931902053,2.248246426090487,0.9841872591026151,0.9347918162111297,0.8129216481704511,0.5864887397203922,0.4295324138944634,0.3355485393482882,0.2651658480593342,0.19704715099074344
43,0.9575297198731356,1231.8488526252586,954.1321469117399,673.2835172708188,390.60457107571665,169.36016866480534,42.2124091176128,11.440695881420659,2.2190020871493252,0.9575297198731356,0.902011197165258,0.7325155108709567,0.5479509682325867,0.3973930376114516,0.3266903286516172,0.25161872080130276,0.1685559647035586
44,0.9203546110436196,1231.4428114819518,953.5675435138411,672.3027701971441,390.49666448460476,168.47046093816894,42.00455193707188,11.341221348815536,2.1914776338401354,0.9203546110436196,0.9019202791986809,0.7166249651425831,0.5161554059104552,0.3956125038032161,0.3227218658453035,0.2302038283286758,0.15429303302263486
45,0.779543944695086,1189.6896388056311,917.1752518103796,644.2274761444854,378.2281486614825,168.26132931958176,41.70715110242093,11.155627446227276,2.1070344167631627,0.779543944695086,0.7566946684608569,0.6616481421653482,0.5009006731757648,0.3882148454929415,0.29225124556454274,0.21238020276241,0.15085578378606823
46,0.7759127461034905,1188.6960127699024,916.7406641430548,644.1466335847756,378.10728625895905,168.2075489663698,41.49910715096659,11.079283451338387,1.9456634723275648,0.7759127461034905,0.7474198072395999,0.6576533032125069,0.47404082243372825,0.3797604365800826,0.27423664575558093,0.21065671789057916,0.11124894644155914
47,0.7562749066511256,1187.1006737806194,915.4719735877844,643.9617240618171,378.08771390876956,167.70198291523226,40.85357397785891,10.109608438341994,1.7898538572813867,0.7562749066511256,0.7427035728797602,0.5903680645370906,0.459544603647166,0.358982345563728,0.2350530523250134,0.17314498915613807,0.10055630660504056
48,0.7535616590201681,1186.0497221424573,915.351286657921,643.9431853406012,377.84217057482203,164.79122985013254,38.26461118597443,10.000583195376612,1.7579834852289662,0.7535616590201681,0.717574829089197,0.5715902094613743,0.45012007521712927,0.35449128639375505,0.22360528700481153,0.16208073197841322,0.09859156995591256
49,0.7505926458379832,1184.5838025942846,914.5389662372988,643.9129865363841,377.4944675373433,164.66419374071484,38.120809014617855,9.974284261397951,1.6343936273831932,0.7505926458379832,0.7073229473224483,0.5632543098036837,0.42958304824299054,0.328221547998637,0.2064855789285447,0.1368587652150901,0.07533234347614526
50,0.693351310003198,1183.8596116081458,914.3758010310838,643.7608736938614,375.1214074136786,164.1400167893008,37.921945764271136,9.901515251821547,1.5363203813842994,0.693351310003198,0.6761650636495584,0.5616564558152584,0.425626007008717,0.30249632186872577,0.1984034524017504,0.12438449640813354,0.0621783882760103
51,0.6872983760135438,1182.9869515993967,913.9150640306324,643.7436581712196,375.08744781500184,163.4676334848167,37.41553536869663,9.832559291979972,1.517334235208047,0.6872983760135438,0.6420242502663898,0.5323968126207808,0.4173030690864745,0.29716370641119116,0.18900351892284628,0.12149530593078683,0.059521794100659164
52,0.6048827039089804,1182.3417490511583,913.2992845544153,643.7401800208356,374.40814588049847,162.96513586579638,36.70345724161378,9.718959145131311,1.4999756433615612,0.6048827039089804,0.5944692217551524,0.5135768541491816,0.37920839323169453,0.28512984036921063,0.18467102559182513,0.12039732183685192,0.058776354537238173
53,0.6007150503366225,1181.3403527468115,912.9332183031257,643.71106498476,374.28191229058467,162.58594911826978,36.16158573821582,9.706687850101062,1.4722014324619377,0.6007150503366225,0.5842289774989002,0.4945803204187653,0.3597670782511573,0.27693393345570705,0.18427765554441589,0.1114852563377755,0.04996069532335845
54,0.5699854280201169,1179.9886878679465,911.9760308919468,643.6255492425877,374.26908275953906,162.09285514771054,35.013205202430896,9.678367676370563,1.4408542900642254,0.5699854280201169,0.554339806134726,0.4816258677483243,0.34967861156165214,0.265795079783927,0.18204043900493594,0.1094884859715739,0.04796406044586776
55,0.5684597812830121,1179.0888889633084,911.2784184652655,643.3568289364053,374.1024842437398,162.03891255196353,34.33040515784101,9.536632531498858,1.4095349440953489,0.5684597812830121,0.553639288558399,0.4807547889220669,0.3466592973676561,0.24865155762277458,0.17301014976259665,0.10724350234605007,0.04548178662936797
56,0.5655354693938275,1176.6456201963456,909.9308478475469,643.0633827946807,373.5506792241706,161.79642017112357,32.48448416284861,9.327228126843131,1.379803004874368,0.5655354693938275,0.552069760528886,0.4785775091363973,0.33633047651962045,0.2438217922663164,0.1710733270582383,0.10463214696313483,0.04310541562683401
57,0.5622281004213492,1174.2809865014353,909.4460213037312,642.7776933762971,372.9524711749365,161.43932939202975,32.24819641246489,9.11297925299765,1.3574897002929116,0.5622281004213492,0.5301238482389561,0.44924258988881083,0.30580661525615005,0.23453554907432794,0.1661618098596067,0.10433852541474575,0.04281338321185202
58,0.5543957622030213,1174.1370412557676,909.3903452741271,642.7019084139553,372.84330984104594,161.25826357291214,32.22719940677295,9.076599554741268,1.2598897760745968,0.5543957622030213,0.5266880941372318,0.4269645601297307,0.3008840106086059,0.23431246228879576,0.16586015006940924,0.07987570975871106,0.018333322068914137
59,0.5463062780908166,1172.208916200876,907.7151258453079,642.5734158977631,371.21824745346163,160.09711054548518,31.58155696343416,8.920262051030292,1.2526188847522357,0.5463062780908166,0.5135807170272426,0.4233127092862008,0.2965716546277366,0.23384096124535958,0.16211243428236521,0.07952021036488155,0.01799390401939971
60,0.5205724897472042,1171.151045380297,907.1902954799267,642.5392078947406,370.9574392678348,160.0804772519702,31.53072241370065,8.837627606179272,1.2476219036256273,0.5205724897472042,0.48983034549011073,0.40818982934119985,0.29426000205969105,0.2277143782295401,0.1533218889699921,0.07532911236472573,0.01347889612928177
61,0.5089444316692371,1161.5760936169556,898.5888672379293,634.8654582805949,370.47767317051375,160.01960493330222,30.123816197470294,8.83027618018432,1.2411451296482423,0.5089444316692371,0.4646268574676886,0.40748378122006756,0.2896862344998461,0.2274215916946647,0.1414181889597581,0.06078551426981371,0.0
62,0.47605522512348886,1160.5602025798153,897.6965832075352,634.7075644562971,370.34286794413816,159.7031844899031,30.122396484261895,8.79035428034732,1.2029757271405825,0.47605522512348886,0.45598594358518896,0.3923959951892966,0.28944177667177895,0.2029671979653278,0.1373364397058181,0.05918265412558221,0.0
63,0.4646653630008757,1158.915824161039,896.2581662929075,633.932972713988,370.18370776316016,157.8188922259283,29.979394007979256,8.49605536519417,1.11340397939663,0.4646653630008757,0.44693512154814585,0.3741255450522398,0.28870827732629656,0.1994295949533651,0.12231039564629587,0.05912072253309053,0.0
64,0.46261456134136125,1157.3595115474325,895.0328687946962,632.7760531454461,370.0727051498517,157.51613055152123,29.228504345081042,8.449887836447093,1.1064594664088772,0.46261456134136125,0.43896328512963656,0.3683621275148665,0.26305808259611085,0.18385239966857658,0.1213930348270611,0.05440067187935527,0.0
65,0.4601909577246692,1155.6421540877732,894.7746463393579,631.8282966695529,369.55554325336635,154.93255194834197,29.20110744768525,8.324785349833409,1.0533620850092773,0.4601909577246692,0.4368301352753827,0.3643226058742002,0.24729556877587489,0.18383618482902842,0.12064513729986581,0.05423264409569395,0.0
66,0.4581027863184066,1154.546800648361,893.5956809574619,631.7632152968259,368.75490213757934,154.28133015696253,29.147468477851955,8.250336393001858,1.048623370629222,0.4581027863184066,0.43393576190915306,0.35330409415903197,0.24680734887065126,0.1821696505715984,0.11896039227187694,0.04825524259340419,0.0
67,0.45539070327081,1154.0265832661264,893.4258422999603,630.3095393908807,367.32441407497106,153.42332889878864,28.820400301990347,8.199280162395315,1.0485024175623803,0.45539070327081,0.42586622845697186,0.3522117709520578,0.24621885909093377,0.17845271189104572,0.1163398302793619,0.04350871441338344,0.0
68,0.4451182604774533,1082.0638356184586,832.0638966327156,586.8978464011724,342.8906025389696,152.95229443358954,28.75464439286131,8.184184014640792,1.028850553160035,0.4451182604774533,0.3996606222453547,0.3413025279269104,0.24369809442356272,0.16668036970493372,0.10503312585279478,0.041154387345523125,0.0
69,0.44352216837952296,1080.775018362774,831.6167526391465,583.9204174097937,338.3880878786154,148.66751220177474,28.73267082272509,8.179993970573445,0.9893273242697873,0.44352216837952296,0.39748209593333383,0.341279045407896,0.24057082714108935,0.16182236566265673,0.1002898087446722,0.03876508719713789,0.0
70,0.4330217147449702,1079.7486799552996,831.2018559130125,582.832957355595,335.8539832192466,144.63283086932182,28.664513310797375,7.814147487287073,0.9515250750623165,0.4330217147449702,0.3900990243623257,0.3143462865417974,0.22906541475443376,0.15699529044503335,0.09547086902824797,0.033946454052203645,0.0
71,0.41140598395760763,1079.2400283755992,831.0362678565441,582.6666356734162,334.95208473653645,142.9953555860804,28.48660724833135,7.786510400565191,0.9279342165273101,0.41140598395760763,0.3879514528911019,0.31108568661420954,0.22898314754497373,0.15346014189737,0.0901586246535293,0.027995858736750368,0.0
72,0.40871800563118543,1077.4581016122486,830.7348681496894,582.4527837813907,332.97284852323634,139.25073505150476,28.418800963605253,7.672644713819772,0.9030734417481059,0.40871800563118543,0.3872500946624473,0.30588361025065636,0.22336213898316415,0.14741306061905046,0.08525596501637311,0.023165386429458312,0.0
73,0.4059302743509243,1076.5236676522145,830.512364203466,581.7672814938152,332.46388466778836,138.9183096281843,28.307436077371875,7.549305001042374,0.8872504098243534,0.4059302743509243,0.38694887151173285,0.30269754793899195,0.22026682746426096,0.14394646077116935,0.08240466668679058,0.020880255047131646,0.0
74,0.39869562689983873,1074.94740619792,829.9431090851135,581.3297168025133,332.05574304850774,138.53959108092494,27.69715270329103,7.5400834484293755,0.8640030367232923,0.39869562689983873,0.38607453957765836,0.29410273612334814,0.20980722442248734,0.13206078927564158,0.06748386719350985,0.005936130158787467,0.0
75,0.3950425353529028,1074.2746981906475,829.5888386102708,580.269678538568,329.2841433914951,134.20856860678603,27.385982255740064,7.321211697047584,0.8543900896078669,0.3950425353529028,0.3830658903876756,0.2926665542779301,0.20746031820951272,0.13025947921538727,0.0674605391465053,0.005255940156991601,0.0
76,0.38913428053885335,1036.2633905235245,796.6734211200553,556.1834605953189,315.83069143200555,131.25915335888433,26.833003852360918,7.252995474247405,0.825293416003809,0.38913428053885335,0.37322494891310587,0.2898017294502131,0.20550342743707084,0.13024459969236113,0.06477433889760897,0.003245470861524158,0.0
77,0.3748522217763719,1034.2759367906444,794.8036596752602,554.4313914386088,314.19030079512623,129.80646866948143,26.527328900413444,7.209574711896457,0.7782100129756888,0.3748522217763719,0.3580030034193393,0.28491350682494376,0.19467738963734416,0.12898508349585214,0.06433917066959483,0.002799411213376679,0.0
78,0.37400807580021045,1031.3099414099715,792.1441003826676,552.1543320822925,312.2957413750862,128.35142640338438,26.216886693059465,7.177033991120563,0.7730981024833206,0.37400807580021045,0.35488739639348776,0.27884647103461013,0.19255717937868133,0.1263272677742946,0.05997117275432373,0.0,0.0
79,0.3585256650907884,1029.4036759520616,790.5721942208586,551.0531950728234,311.687195451613,128.32463607019508,26.086253333027,7.168365554730305,0.763454342569079,0.3585256650907884,0.35089468936765655,0.27878148251503454,0.19051837977494523,0.12595534300877143,0.055033562290467186,0.0,0.0
80,0.3579593965998846,1028.3831091757097,790.028908797133,550.7807862862668,311.66537351795716,128.19497245430512,25.586973611908387,7.124253927632308,0.7447689490008704,0.3579593965998846,0.34141720163489975,0.2780324632231379,0.18798809903091507,0.12167447543682552,0.05152860675561999,0.0,0.0
81,0.34663667041586743,1027.4796956708603,789.3608798684537,550.34207294478,311.4544436142749,128.03537374951605,25.37156865032242,7.048468473268014,0.6914564407763264,0.34663667041586743,0.33711051773588907,0.2779650211196105,0.18769289144468648,0.11655803347478377,0.0500645386133034,0.0,0.0
82,0.3460822371649577,1026.1404466705076,788.2275923722497,549.4147469527247,310.73307912636847,127.80923308643739,25.172939011071808,7.016970966351024,0.6668211991262303,0.3460822371649577,0.33533755558415423,0.2732564719156516,0.17869458864701326,0.1140765926696814,0.04991905812485675,0.0,0.0
83,0.34335838411479935,1016.8403385787111,779.8395995131121,541.9388693262459,304.16931673254834,123.65984689059759,25.022849025822218,6.970750254414886,0.6641639647144537,0.34335838411479935,0.3348582952542625,0.27028571978934557,0.17808278553662138,0.1117429845097373,0.0499044668233406,0.0,0.0
84,0.34159904457771617,1015.2244709002691,778.3619532857708,540.608338459011,303.47105894059035,122.37144336597697,24.867180643460095,6.9096333929937055,0.6474030917534987,0.34159904457771617,0.33397665011110944,0.26709028305102134,0.17791056553869078,0.1114288783941988,0.04571719872301716,0.0,0.0
85,0.34044554183914544,1014.7569987548297,778.0504904094432,540.4439909427896,303.20854923650836,122.157585925276,24.763504531655634,6.890031992751442,0.6378219854965772,0.34044554183914544,0.3300009873819969,0.2609898023141908,0.17445534023129583,0.10786692731561898,0.04147395695392819,0.0,0.0
86,0.34031406270904885,1013.4057350887767,777.3171112558366,540.3284963016292,302.9859012254196,121.95345687160669,24.688363380704416,6.605812829673038,0.6374894432934599,0.34031406270904885,0.3164242653602798,0.2608214981069996,0.1729532902251556,0.10318331106568168,0.028884995820409376,0.0,0.0
87,0.3263777354034869,1012.272020348418,776.2128195874991,539.253627705313,302.4351879337739,121.78527986966114,24.5636065135796,6.540632022496545,0.625730070780758,0.3263777354034869,0.31572968964944725,0.255890985031338,0.17001659502783095,0.09146699826624483,0.028242276842233904,0.0,0.0
88,0.32586305473013133,1011.7226335673877,775.8105481665751,538.9984716444952,302.42561341629533,121.37812349629418,24.488049301248036,6.438534183981982,0.6169246385056402,0.32586305473013133,0.3134550719026137,0.25266410353785185,0.16675901076532074,0.09059320813888294,0.027869334422736536,0.0,0.0
89,0.3218985662068934,1008.5922980139609,773.2980971255947,537.1039051159611,301.3596623341001,121.35542091370321,24.40142393266712,6.42909576444381,0.6118794990597058,0.3218985662068934,0.30528445929157644,0.25013241813410136,0.16665676951760777,0.08942161602318865,0.021162924333578692,0.0,0.0
90,0.31175688859813544,1007.9911691552853,772.969561175731,537.099022958331,301.1223238912408,121.12128577825348,24.25733205079778,6.384674959251939,0.6051059198669839,0.31175688859813544,0.29790576531520174,0.2496540796017539,0.16525286922464266,0.08270873470616213,0.01570489374350892,0.0,0.0
91,0.3060940748346064,1007.4182821604089,772.4771581362978,536.6360429909191,300.95503059797784,121.03233790421439,24.153931189999938,6.306471397109985,0.5767722257776224,0.3060940748346064,0.29671553148217256,0.24020255370002075,0.15421660423763228,0.07467336738041763,0.012826331081871478,0.0,0.0
92,0.3050509500302008,1006.6149400634888,771.7620852554415,536.0097249901318,300.55196316617196,120.90540047726488,24.10136871489116,6.127693793102701,0.5678443946541287,0.3050509500302008,0.2948663365571078,0.23962529696413482,0.15312730977241307,0.07437396269346563,0.011839108893022976,0.0,0.0
93,0.30406979867700823,1006.1987212623543,771.4929818144133,535.9277475021734,300.51204067017625,120.85415562460405,24.09068038766637,5.935172035330636,0.5421119774533627,0.30406979867700823,0.29065634177095,0.23447770287410696,0.1529493709089813,0.0739724846348917,0.009510588532777753,0.0,0.0
94,0.3029136949561311,1004.492229927388,770.0180324209929,534.7359556440178,300.417479726007,120.5830562483073,24.040411492823797,5.3822575627133045,0.537169498985179,0.3029136949561311,0.2895518043113985,0.23287354919870373,0.15108122756532838,0.07105911372594509,0.009351166601530458,0.0,0.0
95,0.3010151116054385,1002.812428282486,768.4891887708213,533.2659581378888,299.58505646021194,120.19197906283111,23.980255785505097,5.349295088878729,0.5247937134424832,0.3010151116054385,0.2813343194695239,0.23269449268247944,0.14434391083482745,0.07087661227867126,0.008716156170916811,0.0,0.0
96,0.29310213088233206,1001.4004377450177,767.2878980477935,533.2019012281714,298.1739050981255,118.83967384478714,23.65378922503001,5.28733899947062,0.4697759005155364,0.29310213088233206,0.28041790936732647,0.22437872154917748,0.1368267218167789,0.06412807964336276,0.002603668203956966,0.0,0.0
97,0.2917654823601896,1000.4751602643826,766.5655604014523,532.3294750630523,297.5022296714803,118.59316058062971,23.577007133327093,5.216156465529325,0.4651701796402281,0.2917654823601896,0.27930919629540507,0.218279290120599,0.13605169338524914,0.06341550108952254,0.0018857258614173311,0.0,0.0
98,0.2908931170218083,998.5765491189466,765.9830168833399,531.9013681369238,297.3683534655642,118.43658099547693,23.43763384021983,5.144250666956619,0.4649566541621619,0.2908931170218083,0.2770699998430326,0.2148511032789071,0.13285452855011926,0.061101961443500885,0.0,0.0,0.0
99,0.2883593905180868,972.329015913661,742.5957756373119,512.7324978078268,283.93698218061127,110.89928833982077,23.109746417911254,5.073000316326619,0.46364262832988223,0.2883593905180868,0.2749376384779816,0.2136505612153079,0.13240297169118032,0.0598460569476329,0.0,0.0,0.0
100,0.2878129842371244,971.1399966660888,741.6647226759715,512.1279166325215,282.7733626369022,110.30321136459382,22.817579610403925,4.977500611943716,0.4609035233584122,0.2878129842371244,0.2731907320469391,0.2135004655869217,0.12499635007098409,0.05698093134691318,0.0,0.0,0.0
101,0.27704382922116877,969.7208478471091,741.6136482213097,512.0061252137627,281.5629175533571,109.18454310862666,22.708729025457256,4.871319694634188,0.4571113354020351,0.27704382922116877,0.2707445076707815,0.21046743126425693,0.12262926796182816,0.05681154412563738,0.0,0.0,0.0
102,0.27515163689243405,962.8776953975197,735.5112853012706,507.4378611695028,280.27572065173047,107.31118987872942,22.548449053303578,4.867279224167607,0.45553498053692354,0.27515163689243405,0.2653165177421615,0.20665209366728776,0.11914464354541376,0.05541089807705535,0.0,0.0,0.0
103,0.27173261622770717,961.7510972579687,734.636510391511,506.8072163389769,279.49561463090356,106.87753167937662,22.424772544293983,4.58358950275411,0.45545632044104334,0.27173261622770717,0.2652399138691699,0.20390283109183338,0.11886322024591611,0.05463918667761836,0.0,0.0,0.0
104,0.27139235931369443,960.8338382882815,733.7780975658665,506.62193240378565,278.738532009229,106.61295340109733,22.01559512792903,4.480769595448395,0.4537406140060114,0.27139235931369443,0.2603907187130785,0.20150119628427188,0.11833894369119324,0.05429266920272369,0.0,0.0,0.0
105,0.26581914627647274,959.4070620023739,733.5566022297883,505.903713184208,278.2800465344276,106.55949668738114,21.157912229758576,4.4682035765037895,0.4525325085618337,0.26581914627647274,0.25959172904722116,0.19907943595282096,0.11686665927201356,0.05085810542104019,0.0,0.0,0.0
106,0.26103054314215157,959.2534835666945,732.729400140456,505.3327066651769,278.0671907830666,106.44869864650842,20.642054564262946,4.2683834910913845,0.4385314280690005,0.26103054314215157,0.25087840928742544,0.19520940594981528,0.11239194257621876,0.05051391357244839,0.0,0.0,0.0
107,0.25757353050183984,898.7935796190807,680.4066153656476,467.2618602372267,258.200609523602,105.91310312887059,20.63619158267977,4.06245746573798,0.4370366457844401,0.25757353050183984,0.2495453375311001,0.18699525156405028,0.11212444047431158,0.046167450280725,0.0,0.0,0.0
108,0.2574504229382635,897.8843076366875,679.804082706134,466.7250863545973,257.0255220961458,105.51320868927782,20.453675339725226,3.9060124180870397,0.4367567840816533,0.2574504229382635,0.24597796764990965,0.18498511643746118,0.10846104999887163,0.04350595171486349,0.0,0.0,0.0
109,0.254797205532018,892.9855207486117,678.2949534277228,466.583565714687,256.74840616232046,105.08807409610053,20.08781321857585,3.8242887450084972,0.43133811343530537,0.254797205532018,0.24589321232964778,0.1844426856606951,0.10230747885275204,0.04075444983622423,0.0,0.0,0.0
110,0.25267260612869835,892.9341577571698,678.2699025966679,466.44525673821545,256.3849954709534,105.05474782257188,19.95472875663339,3.7783258341467607,0.42815247807451606,0.25267260612869835,0.23502608908252864,0.1807539360111019,0.10118508010103588,0.038388413289711654,0.0,0.0,0.0
111,0.24740111219295735,891.6456494293948,677.9411963945425,466.2528593758348,256.17522763267283,104.70464558346019,19.7303812072446,3.6410191117755892,0.42556886016422224,0.24740111219295735,0.23132193924387012,0.17934123016959402,0.09944483880633603,0.03765039569124706,0.0,0.0,0.0
112,0.246878956225282,889.2870744373373,677.7863254125999,466.2361242169284,255.971508596605,103.88319941290354,18.909012693669833,3.5263140642813933,0.42468932899546696,0.246878956225282,0.2301224009735381,0.17412521803665193,0.09934702745671897,0.037431478190020906,0.0,0.0,0.0
113,0.2430854476621611,888.7770688114117,677.6448594979746,465.8955908925214,255.93649080438777,103.81042577542344,18.849936084406902,3.4901772294456355,0.42002108675001293,0.2430854476621611,0.22895341059392305,0.1739343583462376,0.09930250937250418,0.03499758403885456,0.0,0.0,0.0
114,0.24142420989288915,888.6377090731418,677.3268004259369,465.0091083583887,255.68874214880327,101.83726255167349,18.718694418881796,3.438718708380536,0.41958650129807085,0.24142420989288915,0.22728475914635582,0.17364304338553493,0.0987394191498745,0.03435399102019754,0.0,0.0,0.0
115,0.22662865385367037,888.377953834842,677.0947143160116,464.7541181561449,255.58769476861184,101.2659524911055,18.709810051892394,3.2305807219704974,0.40746514861726,0.22662865385367037,0.21857101112694943,0.1715201092329024,0.09555033759157139,0.034017382927767015,0.0,0.0,0.0
116,0.2251441147768356,887.664641520085,676.949935856157,464.32573007299726,255.09762281960212,101.11727326494832,18.418543848771453,3.213404180574928,0.4066122744948375,0.2251441147768356,0.2169145941980506,0.17130061400037855,0.09554179868946755,0.033843236742960636,0.0,0.0,0.0
117,0.22244838807589407,887.2802373983823,676.1518544529484,463.74142542178816,254.80897424860433,101.04046832129536,18.38992802448465,3.1476785454757867,0.39736195727715806,0.22244838807589407,0.21645602259425645,0.1709147312652115,0.09430521806113168,0.03278078260321693,0.0,0.0,0.0
118,0.2213995246437177,886.7637563741187,675.3404200613412,463.40363146831055,254.69254638421106,100.90571704060359,18.343581313911944,3.142223132759329,0.39462277755872255,0.2213995246437177,0.21608890972326167,0.1687974432414121,0.09398231467231488,0.03196004254436757,0.0,0.0,0.0
119,0.22063143904904736,884.7717406430265,675.2568938569335,463.29588606572173,254.36098053938292,100.3666619252452,18.201913410115967,2.5443037435388876,0.3918548926537935,0.22063143904904736,0.21172743299294128,0.16555331186748568,0.0935000908204755,0.030990980507954458,0.0,0.0,0.0
120,0.21792794470916244,883.6620770757426,674.4362868212362,462.7557579770083,254.13603396561047,100.3599778098109,18.08578498808186,2.39313298590408,0.3913964712357596,0.21792794470916244,0.2053826025320642,0.16390897863391896,0.09249067416268364,0.030637467528201068,0.0,0.0,0.0
121,0.21409402751869555,882.2791882269768,674.4216571997797,462.1426587473395,253.94902104455372,100.1540527921938,17.994786644883185,2.354384850660774,0.3912386458125736,0.21409402751869555,0.20226057491098137,0.1625544380419237,0.09137276482969736,0.023324443203547318,0.0,0.0,0.0
122,0.21276007346857528,881.7197231453697,673.142098365504,461.84513722754826,251.80726792780226,99.50781068741416,17.90912948080545,2.172174601163581,0.38531315422992907,0.21276007346857528,0.20133419336912706,0.16121690822917167,0.08485074903069867,0.021783309574229026,0.0,0.0,0.0
123,0.21167796232437186,879.5736743412122,672.6138918093125,461.6437880813608,248.34957375988049,98.13429882512496,17.886000521828983,1.929070409266932,0.37056953440642304,0.21167796232437186,0.19941031570383827,0.1585370741254004,0.08437025783575658,0.021500604565448445,0.0,0.0,0.0
124,0.20857316796940162,877.2228032046554,670.8656222744245,461.3370628617542,248.26464063489848,94.04942832020397,17.81381875364372,1.869962745986353,0.36835049502655925,0.20857316796940162,0.198587431098032,0.1579315179923102,0.08330773957408577,0.0150072343946408,0.0,0.0,0.0
125,0.2061802280541709,877.1120487768654,670.7632128971169,461.1895359122765,247.34774011946234,90.14444430888288,17.779153515181854,1.7890300924283538,0.36788281698089254,0.2061802280541709,0.19727978887228304,0.15584516633023693,0.08303102617504421,0.0138109346198656,0.0,0.0,0.0
126,0.20431889136184012,874.1020571369958,668.2533909511567,460.88123397297534,246.40867736961764,87.69754404834157,17.342336661855768,1.7827136706784603,0.36566388199089683,0.20431889136184012,0.19543783397061065,0.15523428399796568,0.07921585659660146,0.010009827066773669,0.0,0.0,0.0
127,0.2024580973200405,873.7714429540152,668.1376059221567,457.53509509035615,242.69539545537643,87.08213509073063,17.021855281053952,1.6476150321572964,0.36212948225500696,0.2024580973200405,0.19482122517048572,0.15509652565826926,0.07659088697858074,0.008195721076057483,0.0,0.0,0.0
128,0.2010148986185707,868.3531134805334,663.3940998460786,456.65167489210745,242.10363405207414,79.40626395550869,15.946750307848337,1.5842047888763735,0.3586861999601876,0.2010148986185707,0.19311392973835506,0.14643145970225002,0.07562915555990424,0.0028689389877094573,0.0,0.0,0.0
129,0.19955568054560002,855.2691262852389,651.6341508917403,448.6929787425452,242.0895628329855,79.25279550494615,15.856874032050497,1.5734526213436668,0.34712350791087276,0.19955568054560002,0.1923541105435007,0.14484925786349057,0.06972013267255095,0.0015744386471550076,0.0,0.0,0.0
130,0.19858737799869575,853.2727858337117,650.773334189445,447.099184376974,238.18365754435146,79.0747847402026,15.483924527612217,1.569282706000311,0.34657408871114415,0.19858737799869575,0.1923214634231516,0.14471981370140696,0.06834619219586657,0.0009997351377382113,0.0,0.0,0.0
131,0.19847342950984892,808.6549513016025,611.8982973776667,414.592392777775,218.33879480606436,78.77555397829678,15.392620297585497,1.5088137924291454,0.33961138016201664,0.19847342950984892,0.18967541569712365,0.14421065396597732,0.06807508726205191,0.0,0.0,0.0,0.0
132,0.1979752768680998,807.9995930812848,611.3378857568233,414.30717585991584,218.2003946493972,78.44762267890285,15.283814259430015,1.5047868952020855,0.3385307736921759,0.1979752768680998,0.18744117951497952,0.14069707863135905,0.0678044397587958,0.0,0.0,0.0,0.0
133,0.19603999291005758,807.5435109363949,611.0931532503222,413.86553118068275,217.60704052313648,78.29307990453677,14.541663323657252,1.5009165951862111,0.33223342696534464,0.19603999291005758,0.1867127371217907,0.13897654197026044,0.06310529470781745,0.0,0.0,0.0,0.0
134,0.19485538691524718,806.4619527862661,610.9771683426544,413.7761873110937,217.3133188422753,77.88457612620913,14.071439161463765,1.447600866065732,0.3292374941776379,0.19485538691524718,0.18642500439404763,0.13826539524816517,0.061174884491062675,0.0,0.0,0.0,0.0
135,0.19410112611177754,805.2503661523054,609.8244278527362,413.76683938076263,217.03089918280693,77.84301862077888,13.637415266759538,1.3596015184055734,0.32873193185955274,0.19410112611177754,0.18597863073462384,0.13802871655920268,0.0611734829026187,0.0,0.0,0.0,0.0
136,0.19291184436597364,804.7918552885864,609.6618453051373,413.4984984318993,216.84723193533384,77.04037243300418,13.344423952077616,1.3141481831168813,0.3248334547524645,0.19291184436597364,0.18289621790170485,0.13708886824117994,0.06100744401757785,0.0,0.0,0.0,0.0
137,0.19216713967818566,802.1148334609059,607.2773566017617,411.78897769255514,216.791506422347,76.90581187305357,13.144362864704991,1.309822165015617,0.3173986191933975,0.19216713967818566,0.17981659481156242,0.1329022175730037,0.05897908569006938,0.0,0.0,0.0,0.0
138,0.1899324951123591,800.1524345759889,606.2521881806418,411.5656388771894,216.57170310437184,76.10463990854355,12.6311893076107,1.2302901605875676,0.3172239249094142,0.1899324951123591,0.17846238989217933,0.13126351096075983,0.058896819685818835,0.0,0.0,0.0,0.0
139,0.1893210195452557,799.4351118273157,605.8442733566343,411.45625850490984,216.5357641695671,75.47346198302043,12.533619926251008,1.2007380458678711,0.3094202476585366,0.1893210195452557,0.17783084372248026,0.12936551742407998,0.05885707573705812,0.0,0.0,0.0,0.0
140,0.1888192750706279,798.9851783481283,605.6554148244113,411.3719974731361,216.3456664585329,75.14510979717693,12.321840147082055,1.1785547580038904,0.3069651675894136,0.1888192750706279,0.17734896059631122,0.1248138519474633,0.055832684177780534,0.0,0.0,0.0,0.0
141,0.18760351850063084,791.2711062308911,598.5226674852556,404.8742376183527,213.42261120566243,75.13438861440622,11.990623075291227,1.1644255429673358,0.30655491663716306,0.18760351850063084,0.17565790238849321,0.12375828196497984,0.05256925809808921,0.0,0.0,0.0,0.0
142,0.18513117203416019,790.3926255647057,597.732456035134,404.17229538429484,212.15753221861993,74.6957939952423,11.953537381811485,1.1602119154930626,0.30254722543651846,0.18513117203416019,0.17562287332685966,0.12324347067565222,0.05210632244838398,0.0,0.0,0.0,0.0
143,0.1841338301133364,788.8001214549992,596.316490357555,403.9682463151215,211.3569853446185,73.60220269149842,11.80322165182287,1.1552542111197739,0.2960021632309606,0.1841338301133364,0.17320389229069422,0.12070746769601848,0.047430519408208305,0.0,0.0,0.0,0.0
144,0.18221781885371824,785.9531530637275,595.2536380644898,403.82538211478914,210.74331232662436,73.26303135108935,11.762849355358027,1.109403591014865,0.2956979211634114,0.18221781885371824,0.17148865364295762,0.11808342597188703,0.04482271913902758,0.0,0.0,0.0,0.0
145,0.18181964351930624,750.9496060875416,564.3211663223268,376.79273543584446,196.47944611077764,73.07215105537914,11.500980702880597,1.0700971386300417,0.29468193136363285,0.18181964351930624,0.16997804532432736,0.11763538018286468,0.044374690311901555,0.0,0.0,0.0,0.0
146,0.18180458406068722,749.9432133554112,563.609004310409,376.37480414413903,192.3966277309647,66.06345539048931,11.281506858470483,1.067685899788184,0.28765992026632126,0.18180458406068722,0.16918308102479518,0.11721835614604914,0.04333092318678866,0.0,0.0,0.0,0.0
147,0.17796665594454253,747.6801355414692,561.5518880006158,376.16785453452326,191.53544762213167,64.99411859513654,10.91652130689537,1.0638838923156244,0.28677914310288544,0.17796665594454253,0.1674055076211094,0.11076233425716508,0.041721349669219254,0.0,0.0,0.0,0.0
148,0.1753622755751234,746.105651984609,560.6835581722656,375.55695865321786,191.49461870089348,64.59432745476153,10.884342336956225,1.0599815058407278,0.2846924874444927,0.1753622755751234,0.16651009951728213,0.11020289504061775,0.03944242459921954,0.0,0.0,0.0,0.0
149,0.17484952031738854,742.738896265288,559.493038785131,375.40710732513475,190.9455873160729,63.889511596817755,10.778873640838091,1.0348390238329679,0.2813212606916662,0.17484952031738854,0.16209571659706934,0.10864261190652602,0.03627324418325051,0.0,0.0,0.0,0.0
150,0.16827461484232575,742.6789791238592,558.8484671686404,374.5859607761295,190.74662723453076,63.79353668887668,10.716552054162054,1.034227134620112,0.28096493277238643,0.16827461484232575,0.15633615118664412,0.10837328632137577,0.036147893347991955,0.0,0.0,0.0,0.0
151,0.16408112036047284,741.2399845627948,557.493340885072,374.3614732386543,190.4688021486288,63.478216021098206,10.690946851752063,1.0297014170910521,0.2778950840203227,0.16408112036047284,0.15469395371077255,0.10682139389336798,0.036098653732496544,0.0,0.0,0.0,0.0
152,0.16261170442945327,739.3625077947979,557.029836544686,373.81868894072016,190.46683684548452,63.43238731476634,10.652858551893722,1.0209271282142443,0.27711817524474247,0.16261170442945327,0.15404243464900502,0.10261084933166131,0.03518461167273679,0.0,0.0,0.0,0.0
153,0.16232478438942732,738.8179827712017,556.7501191692811,373.78226444609237,189.39548214253082,57.92658078436204,10.588077485246595,1.0062701442582522,0.2761754312145219,0.16232478438942732,0.1517142438070358,0.10187074143710717,0.033727306998095896,0.0,0.0,0.0,0.0
154,0.15961228203270839,738.0763899555664,556.0967955697095,373.2172100625845,189.271781571038,57.75605063564235,10.324640636500424,0.9813991674541209,0.2749611823243461,0.15961228203270839,0.15105964168738817,0.0991069787544796,0.032459498332233716,0.0,0.0,0.0,0.0
155,0.15844589984141133,735.2733344051524,555.9874405514386,372.6836037977229,188.17056589821232,57.737480344195106,10.184452982500167,0.9726367381206371,0.2687220395635932,0.15844589984141133,0.15015963324704673,0.09828130652964995,0.03184035363079518,0.0,0.0,0.0,0.0
156,0.1581333677268737,734.9070354470849,554.0037664877218,372.09716802263273,188.0916146213241,57.364298347094405,10.166642295641497,0.9539969110303455,0.26721781447318804,0.1581333677268737,0.14955131060495663,0.09821535214913313,0.029824112649361023,0.0,0.0,0.0,0.0
157,0.15795272324350385,734.5038608881007,553.8840662470762,371.36721197383673,185.4705353536072,55.33168051980257,10.02751863857416,0.9518987755286936,0.26096327701868804,0.15795272324350385,0.148402611984348,0.09765190338940544,0.029764332716501807,0.0,0.0,0.0,0.0
158,0.15682508034683473,694.2438497225119,518.644705215309,342.20877248083764,167.27766099243817,53.0401077798689,9.976745004386963,0.9360341134574841,0.2588776975645992,0.15682508034683473,0.14731474016205115,0.0975854380106882,0.02532496753575475,0.0,0.0,0.0,0.0
159,0.1507583306236342,692.964299775632,517.4872043064723,341.493378020231,166.87402238769326,50.05124742883924,9.48385617326539,0.8929623209254394,0.2566137191133291,0.1507583306236342,0.14401503982263786,0.0969474226560203,0.025054962093714384,0.0,0.0,0.0,0.0
160,0.14827247216530615,690.196109683915,515.9842063116693,341.1101177160434,165.9040173395362,49.034011658772265,9.476929425049077,0.8854409522066442,0.2559799028468659,0.14827247216530615,0.14163450084166374,0.09688846533172857,0.024566307149937572,0.0,0.0,0.0,0.0
161,0.1462315716483631,689.3608999006857,515.8402726411939,340.87231181815406,165.89159491780876,49.010685294233106,9.376339470915283,0.8543487272846815,0.25595191842182685,0.1462315716483631,0.1381605896777227,0.0956667024868405,0.023595111558022408,0.0,0.0,0.0,0.0
162,0.14516878315039827,687.0298839988036,514.2008650115564,340.47185490303974,165.6133886169859,48.81976575107085,9.286117912317502,0.8543426558768004,0.2533605682414648,0.14516878315039827,0.136058845969109,0.09235447272425201,0.02230224399772074,0.0,0.0,0.0,0.0
163,0.14448730484369943,678.9610613066632,506.63223454377726,333.944491240528,164.8642087187845,48.261513745117675,9.220793012499461,0.8310711998977449,0.25220349083323357,0.14448730484369943,0.13501853218258275,0.09211467276707719,0.018701890498190377,0.0,0.0,0.0,0.0
164,0.14447175826604441,678.6156015036665,506.5515823889718,333.58757215300756,160.75473951021385,46.66869980388885,9.14148874651666,0.814705722332749,0.25128535747307845,0.14447175826604441,0.13328618677023885,0.0916334900520499,0.017984941000654953,0.0,0.0,0.0,0.0
165,0.14200641649855505,675.3645640210856,503.66619876861347,333.4034166596218,160.3057763686367,45.879885677147264,9.10195992998684,0.8093031808449727,0.2510716394833987,0.14200641649855505,0.13107462834623163,0.09013985641958278,0.017629364099882583,0.0,0.0,0.0,0.0
166,0.14190922176155163,674.3621539572881,502.7394809229121,331.0846884689255,158.63435576240803,45.716313190955105,8.817752931455543,0.8032273968540824,0.2508621927014789,0.14190922176155163,0.13080431570935436,0.08842910808490623,0.014598168128454603,0.0,0.0,0.0,0.0
167,0.13929351632439912,673.8836766626066,502.40677145724084,330.2168167672666,157.8396563201199,45.554862055972464,8.572771580328528,0.7997433630335058,0.24914682201546046,0.13929351632439912,0.13029385349668354,0.08684937897516076,0.013843970556115526,0.0,0.0,0.0,0.0
168,0.1380698944736083,672.4349022182664,502.3198497722731,329.8560317606701,157.52339134223763,45.35708398465988,8.437180380655937,0.7952528386917153,0.2478955951663171,0.1380698944736083,0.1299740133769307,0.08518003784640693,0.01291441266285509,0.0,0.0,0.0,0.0
169,0.13668263763176736,671.4116217722942,500.9887676160179,328.64264189249997,156.93253830271306,45.12104641686772,8.431727844113935,0.7538321886723529,0.2427324388483767,0.13668263763176736,0.12970554962892766,0.08410993387067256,0.011628966315076816,0.0,0.0,0.0,0.0
170,0.13629122670717098,670.2095224305568,500.2164533122565,328.2234044529936,156.86432062511662,44.37612150795068,8.313676647736308,0.7298124762740659,0.23880577142729287,0.13629122670717098,0.12593108422351862,0.08404498339461619,0.01053823291801459,0.0,0.0,0.0,0.0
171,0.13616798817408982,669.9279518816315,498.92316335970173,327.03965820273226,156.42913515707085,43.71766218663584,8.124805316556373,0.7293578153075879,0.23738223869994157,0.13616798817408982,0.12459405831444648,0.08065962425814832,0.010318254304633623,0.0,0.0,0.0,0.0
172,0.13385873643787338,657.75744159586,491.3720753812681,324.0867180454051,156.4276937621525,43.6797286538454,8.015617192920711,0.7273008529352549,0.236935180086284,0.13385873643787338,0.12360746569491687,0.07965367547888591,0.009975225149147171,0.0,0.0,0.0,0.0
173,0.13379681694011802,657.0225970362886,490.6960769657393,323.6065773595112,156.3615331869011,43.179667994267774,7.8478957585088125,0.7213577054036462,0.2363420043233977,0.13379681694011802,0.12272034729683368,0.07728059565701462,0.008854210381264771,0.0,0.0,0.0,0.0
174,0.13302957218738043,656.8419123953593,490.60366154087376,323.4950456836992,155.32490229674605,43.03006293877767,7.817511717226982,0.7200072977711574,0.23581373072215883,0.13302957218738043,0.12259659230612252,0.07597592994122415,0.008435342775551913,0.0,0.0,0.0,0.0
175,0.12993233936367465,644.0370322949769,479.24051196953315,313.6229764582193,151.91731804107351,42.91717558107937,7.8110707530347465,0.7005866936815301,0.2339843795156622,0.12993233936367465,0.12080143782391128,0.07542581390939151,0.008395909356116116,0.0,0.0,0.0,0.0
176,0.12897678224235398,642.0116300501859,477.5976096610185,312.59940695946415,149.6485757855101,42.90172847716719,7.657742791846203,0.6958022640252981,0.2260118016299426,0.12897678224235398,0.11824942077600809,0.07513809700120233,0.00642691813874352,0.0,0.0,0.0,0.0
177,0.1289569553045271,641.5109211217579,477.1746828879391,312.2835981505795,148.14591182073843,42.67370507156607,7.587473757263406,0.684629224338368,0.22412514077535328,0.1289569553045271,0.1158355624641394,0.07387842639449138,0.006213115856482654,0.0,0.0,0.0,0.0
178,0.1277473831173117,639.8186594947351,475.70668806830906,311.948940593564,147.10076423331122,42.45971712828221,7.339865260957967,0.6573337903533387,0.22383497183051837,0.1277473831173117,0.11552487641079412,0.0725468042960018,0.005953347900885975,0.0,0.0,0.0,0.0
179,0.1274493481127872,638.9543314636652,475.6120775412129,310.55783056161414,146.85437589235937,42.39605599900402,6.484400218871269,0.6382362542035513,0.22377730996768008,0.1274493481127872,0.11522298896619376,0.07177803671397909,0.004718709020761214,0.0,0.0,0.0,0.0
180,0.12446248685258143,638.3401126522834,474.92281101077435,309.9912994366117,146.46146170404822,42.244333320966746,5.702508047436245,0.6301367783400182,0.22262461087260776,0.12446248685258143,0.11511715928330846,0.06999360645038055,0.004530546719114792,0.0,0.0,0.0,0.0
181,0.12437063858620268,630.660065182307,468.9823904911161,309.8914993131355,145.639804292537,42.21014363479729,5.635949601264796,0.6291749183774173,0.22149799786746982,0.12437063858620268,0.11500928937518395,0.06853013840973943,0.004266586530164984,0.0,0.0,0.0,0.0
182,0.12435629532765224,629.1389511435913,468.10342665799595,306.50602402943076,145.2158793134053,41.98430250423638,5.381863135844258,0.6257541485741891,0.2190511078613986,0.12435629532765224,0.11402135797488211,0.06687969685304052,0.003312083629887441,0.0,0.0,0.0,0.0
183,0.12327894623949787,626.879018486579,467.8143533166554,306.40472467865374,143.96109859353462,41.94184484231583,4.991393477952126,0.6035198554773555,0.21790468736371582,0.12327894623949787,0.11248416195517419,0.06666965083503196,0.002303945570427679,0.0,0.0,0.0,0.0
184,0.12270762893585485,625.8384096983383,466.75926715221414,305.58976436844813,143.95823645936184,41.64240694663159,4.848019047566721,0.5970515357772195,0.2178631307238459,0.12270762893585485,0.11152337348019148,0.06659560596873781,0.0020943568783668987,0.0,0.0,0.0,0.0
185,0.12258958835018241,581.3782172871324,428.64918695454605,279.9006908975519,133.03977424820928,41.235414616091425,4.506879167438658,0.5928604922856722,0.21757047196121038,0.12258958835018241,0.10937120665288713,0.06657708618084279,0.0003653505654004352,0.0,0.0,0.0,0.0
186,0.1223286528285048,579.7314334149769,427.6906787517388,279.868552903861,132.604369847535,41.098008577634204,4.401664622150236,0.5912379289786538,0.21692808914487105,0.1223286528285048,0.10898068529227767,0.06622380121615645,0.00015651455591569885,0.0,0.0,0.0,0.0
187,0.12229849093046052,575.4700859165438,427.26391355335755,277.4437269134974,129.21858690797302,40.948572710230415,4.1994261461170375,0.5842114738082447,0.21626945833995537,0.12229849093046052,0.10846454728430177,0.06512481517353153,0.00013531591022419853,0.0,0.0,0.0,0.0
188,0.1215909941996769,573.38327020707,427.03124389885727,273.1354498484881,127.28770631792486,40.861190115668656,4.015888627419008,0.583422012920592,0.21622410141276482,0.1215909941996769,0.10635038733553914,0.06497021132763536,0.0,0.0,0.0,0.0,0.0
189,0.12120641434102875,551.7497354755478,407.7847501411531,267.43150594510786,127.13267865069223,40.77801380690281,3.9964283719496354,0.5742046161215089,0.20991264132062382,0.12120641434102875,0.10626743566557284,0.06467543940817078,0.0,0.0,0.0,0.0,0.0
190,0.11980285014215397,548.7211092835261,407.7064831654618,266.5054147443401,127.03300190278875,40.525434413578594,3.963123459691536,0.5651605338720147,0.20646867382256429,0.11980285014215397,0.10157437331690344,0.06355425435668094,0.0,0.0,0.0,0.0,0.0
191,0.11966798065968187,548.095297059008,406.64106154102655,266.30551690117386,126.83238426949704,40.25748370723391,3.882797782864574,0.5616387907464171,0.20445109287652197,0.11966798065968187,0.10085236706873202,0.0619646102732494,0.0,0.0,0.0,0.0,0.0
192,0.11406038207119495,547.0814692645412,405.8064069148314,265.68157419634684,125.6933801749754,40.10469440756544,3.775622424215189,0.5572398945569526,0.20031623346833594,0.11406038207119495,0.10078586981097004,0.06190539359386871,0.0,0.0,0.0,0.0,0.0
193,0.1134294795015951,546.3046443326406,405.1081426325499,264.74852613737204,125.47660772151663,39.97056741823027,3.6461087064791444,0.5478469887108224,0.19852785345109192,0.1134294795015951,0.0987991968633295,0.061890030113798566,0.0,0.0,0.0,0.0,0.0
194,0.1127881648336595,545.9277784240422,404.6305039489744,263.6757216067943,125.23545244700617,39.3679681771851,3.617069780657471,0.5418341674790039,0.1929955503988905,0.1127881648336595,0.09823040212864065,0.05994500349115395,0.0,0.0,0.0,0.0,0.0
195,0.11249692946944423,545.5120246139317,403.93484969293957,263.5550216088714,124.92854981595275,39.01630171230623,3.5577893017389606,0.536653773972187,0.1915783134273774,0.11249692946944423,0.09802472747194169,0.05769535490198141,0.0,0.0,0.0,0.0,0.0
196,0.10995725260732203,544.603765162442,402.93858987363114,263.5313692351906,118.72146029099775,38.860219918400254,3.5488730566156708,0.5291168761344143,0.19039723580427692,0.10995725260732203,0.09796277337553772,0.05650135187976124,0.0,0.0,0.0,0.0,0.0
197,0.10907705565398196,542.2211821272329,402.5678144421493,263.05912353542914,118.47244003303697,38.63510627624536,3.5397422249474886,0.5276656420803116,0.18930212717114148,0.10907705565398196,0.0979462429410014,0.05487867736219765,0.0,0.0,0.0,0.0,0.0
198,0.10737613977699079,540.5738566718886,402.5306435693731,260.5962430411357,116.21552104289232,38.4787781135393,3.4724354841724008,0.522292252135395,0.18800832067344242,0.10737613977699079,0.09786977242181805,0.05445600960609642,0.0,0.0,0.0,0.0,0.0
199,0.10702291951481047,539.8358740443124,402.4002123722646,260.26571971766646,116.03211307952935,38.436741745735844,3.469892316123566,0.5180738470847388,0.18612725799649477,0.10702291951481047,0.09735078794462249,0.054340210246288656,0.0,0.0,0.0,0.0,0.0
200,0.10528017268827727,539.0965559888333,402.00576836390763,258.6914979304082,114.7612567797111,38.4266689696829,3.465057689323541,0.5006881448229188,0.1837166003597006,0.10528017268827727,0.0963908457434477,0.05044104395050808,0.0,0.0,0.0,0.0,0.0
201,0.10510043522927504,539.0221686103698,401.7517618592203,258.4946711934869,114.57558358035614,38.417117241614115,3.449048676185037,0.4747846762004906,0.18310135662423388,0.10510043522927504,0.09636599392809342,0.04884002077080174,0.0,0.0,0.0,0.0,0.0
202,0.10425854254175082,503.8144893328734,370.92177904673366,237.20814688711894,108.63189739839524,38.23042611416443,3.3501854209485846,0.4708320016888883,0.17985263623328107,0.10425854254175082,0.09627776869003113,0.04880174207220356,0.0,0.0,0.0,0.0,0.0
203,0.10422122824135305,502.6121218579635,369.8616215702238,236.50106627486412,108.41696946044675,37.67575210246824,3.3117318839782994,0.4636542430269872,0.1788596371886655,0.10422122824135305,0.0936407723969459,0.0487497381997517,0.0,0.0,0.0,0.0,0.0
204,0.10357731751211152,502.32218574430857,369.85732696366614,236.20254094809394,107.76790527951185,37.53219384531182,2.8607735489451835,0.45539138007714475,0.178601854675847,0.10357731751211152,0.09300580524293212,0.04780554779960999,0.0,0.0,0.0,0.0,0.0
205,0.1026712288959224,499.7136378069067,367.5178812810132,234.4324690008946,107.66983749554856,37.517632977580156,2.848769459774571,0.4518074654219282,0.17748490427294317,0.1026712288959224,0.09280655487230827,0.047368669154581156,0.0,0.0,0.0,0.0,0.0
206,0.10262748219507056,494.8137672430853,363.08877986953183,234.00531487090947,107.63281744988808,36.81681435954912,2.7298924297680007,0.4454412740657976,0.17702265137365614,0.10262748219507056,0.09020956995453133,0.04680677817920187,0.0,0.0,0.0,0.0,0.0
207,0.09925975067396298,493.7424912192364,362.1143474255007,233.7315407889185,107.25538043153473,36.479599809885265,2.608442909560172,0.44337228043222243,0.17623978631157144,0.09925975067396298,0.08891757824060953,0.04581266669311712,0.0,0.0,0.0,0.0,0.0
208,0.09899269975065739,492.63893268134586,361.92909859681447,233.12426959048224,107.0208714860632,36.20279019085981,2.425962922454488,0.4433152267579552,0.1737562260110228,0.09899269975065739,0.0888759001673527,0.0429873359970141,0.0,0.0,0.0,0.0,0.0
209,0.09533489127774586,489.7963015878002,361.19624799442005,233.0123768142306,106.6033523091391,35.84025681422118,2.3709890221025853,0.43915027147356844,0.17347751252181287,0.09533489127774586,0.08601462044982355,0.042791962953871554,0.0,0.0,0.0,0.0,0.0
210,0.09517285236482631,488.8023510649063,360.53733911593986,232.87651510383483,105.62229511003099,33.11091351992909,2.264002948277674,0.43230971392950623,0.17276078424779673,0.09517285236482631,0.0852185459002559,0.04246511585201751,0.0,0.0,0.0,0.0,0.0
211,0.0922939775151721,487.56619478490353,359.98986056634675,232.66075503178655,104.05032928768775,32.91394137700709,2.258163319857901,0.42924211139199464,0.17269138261516148,0.0922939775151721,0.08435885714707125,0.042087269391440474,0.0,0.0,0.0,0.0,0.0
212,0.09150516753606674,485.1811908658146,359.54677940066074,232.38835040995605,103.62569232067521,32.84121344065514,2.0671306246618273,0.4243003383418764,0.16896864130628853,0.09150516753606674,0.08170509240837331,0.041566773350709685,0.0,0.0,0.0,0.0,0.0
213,0.09137107414366219,484.1145138810059,359.509909936596,231.8550522719586,103.30394302114915,32.83375712977541,1.983557603117267,0.42243358766661543,0.1681836380856736,0.09137107414366219,0.08144498423424751,0.04037152499138408,0.0,0.0,0.0,0.0,0.0
214,0.09128822117893742,483.7230475109299,359.1772897105625,231.71953820586518,103.27168857267543,31.934560676961727,1.98240550609629,0.40803487440509256,0.16789812937616655,0.09128822117893742,0.08112691012361806,0.03958613867206906,0.0,0.0,0.0,0.0,0.0
215,0.09111727319454843,482.51840632221115,358.1163025213301,231.33431207145205,103.17986394048722,30.510655556764828,1.9710385701772226,0.40258786716496875,0.16739940931003017,0.09111727319454843,0.08066779149077075,0.03701604986243123,0.0,0.0,0.0,0.0,0.0
216,0.0886110316786064,482.10885763396874,357.7984844097714,230.4785666896794,102.78526209435466,30.447504143508688,1.9382716696297453,0.3989439015580525,0.16702703128321605,0.0886110316786064,0.07828093771320144,0.03690217634672521,0.0,0.0,0.0,0.0,0.0
217,0.08837256672667793,481.26178039515986,357.2750609631962,229.98956115503353,102.67893252569273,30.170473891313954,1.8369479622397158,0.3973530051835208,0.16527504984686603,0.08837256672667793,0.07780849533245515,0.03549158753055437,0.0,0.0,0.0,0.0,0.0
218,0.08729376655133336,472.08912670820837,349.01452250890355,225.03992718832222,102.56707233533886,30.15153610078401,1.5039250721528914,0.3908761539916088,0.1552286316162701,0.08729376655133336,0.07736319713577533,0.03507675358216944,0.0,0.0,0.0,0.0,0.0
219,0.08707115244048347,470.8159582024357,347.9666875626173,224.227476818206,102.37768260807717,29.643578317070176,1.4459972351708552,0.38978203563415104,0.1539845857096196,0.08707115244048347,0.07706057800254884,0.034834110133971086,0.0,0.0,0.0,0.0,0.0
220,0.08480933803679824,469.2480432691668,346.58536207815956,223.02268976587578,101.84371510791809,29.63475312694198,1.3566715801700293,0.3778253311881328,0.15391107903164936,0.08480933803679824,0.07648937944041112,0.034821798234867085,0.0,0.0,0.0,0.0,0.0
221,0.08478071394204778,466.48071288303515,344.0534162681979,222.24451718701658,101.77606064791648,28.819395271140277,1.3422400284176579,0.3774203929737312,0.15372713705257324,0.08478071394204778,0.07375090019599351,0.03304747390458629,0.0,0.0,0.0,0.0,0.0
222,0.08404932169788748,465.86514817345886,343.6732361347916,222.00706890437704,101.49732201891845,27.601758820036554,1.281634538417713,0.37485979163289107,0.15223619751503437,0.08404932169788748,0.0718693281286813,0.03165026898679857,0.0,0.0,0.0,0.0,0.0
223,0.08364596464939766,464.00806494192807,341.9044221193245,221.28609881553209,101.19650946091305,27.592620831074285,1.25089792424912,0.36964775479110745,0.15111803212797748,0.08364596464939766,0.07131029397699273,0.030756156866011297,0.0,0.0,0.0,0.0,0.0
224,0.08241087812401093,462.40170400553694,341.05794432120297,221.25635955173107,100.87070313926114,27.556328227817588,1.1814204432627744,0.3620909438332418,0.14635806431318898,0.08241087812401093,0.07113892486488416,0.02993807613455468,0.0,0.0,0.0,0.0,0.0
225,0.07990379597209762,461.572741254659,340.8600936645371,221.21482588809695,100.64646045373604,26.78566415236064,1.1802470343764593,0.3611676895325673,0.14420607370935667,0.07990379597209762,0.06988412719309545,0.029706518067069698,0.0,0.0,0.0,0.0,0.0
226,0.07989724883880434,459.3764852581232,340.7171142614478,220.802911561556,99.5911950467642,26.21749101672938,1.172824556692895,0.35222916921774483,0.1433111893880996,0.07989724883880434,0.06959577207372103,0.02841519537013859,0.0,0.0,0.0,0.0,0.0
227,0.07767870437544189,458.6164934664932,340.57820045654915,220.7261285320841,98.35954580491044,26.164915993495395,1.1559471552049452,0.3514973133184758,0.14093201373273656,0.07767870437544189,0.06779495001661995,0.027997406945807546,0.0,0.0,0.0,0.0,0.0
228,0.07729276347806335,456.77171483928635,339.4640327561467,220.58133297484787,98.0141888600433,25.801059540656745,1.1271261210416998,0.34440153355677117,0.1376311405636379,0.07729276347806335,0.0675186534236496,0.027848345222017068,0.0,0.0,0.0,0.0,0.0
229,0.07674048678382794,456.23352506358714,338.95526605246874,220.1139526502002,97.99595247773748,25.80013265691199,1.1080123034593603,0.3430716913221945,0.13721547041995952,0.07674048678382794,0.06714366622997248,0.027581629090689175,0.0,0.0,0.0,0.0,0.0
230,0.0763090433197795,455.2884271316593,338.0690142645834,219.64315626647064,97.62098485183385,25.740719781938783,1.106702535052407,0.3267644745753042,0.1361458095758612,0.0763090433197795,0.06676138646499097,0.025638485938588307,0.0,0.0,0.0,0.0,0.0
231,0.07462809823054761,453.42598879331297,337.09431680567724,219.20524867469277,97.54991610378788,25.402955775706896,1.0700795012798205,0.3229675755042454,0.13471983408897192,0.07462809823054761,0.06626466946140375,0.025334356816602677,0.0,0.0,0.0,0.0,0.0
232,0.07459171289889421,452.20883977332255,337.08108011420507,219.07939642300937,96.73655536868414,24.913145889716763,1.0556176142144285,0.31698022542732796,0.13400953924173553,0.07459171289889421,0.0660675080779427,0.025014677248179185,0.0,0.0,0.0,0.0,0.0
233,0.07452306309024936,451.8127685509467,336.7656142946408,218.44492116108233,96.1609262507996,24.319996823367507,1.0469323270381636,0.31204301514417354,0.13230016312440807,0.07452306309024936,0.0653791455925794,0.02496676953892818,0.0,0.0,0.0,0.0,0.0
234,0.07395170141923835,409.0816935796551,299.15920257384965,188.33672044676823,78.73227977602035,23.076321249279275,1.0410893408760724,0.3113261133599323,0.12949613326601384,0.07395170141923835,0.0644428462276978,0.024300985880143733,0.0,0.0,0.0,0.0,0.0
235,0.07389991748293667,408.6064224486234,298.7133545148392,187.920295459779,77.64541591285878,22.869800841267725,1.02063419022202,0.3086693989819873,0.12924719428353604,0.07389991748293667,0.06435630118454605,0.022331968321128937,0.0,0.0,0.0,0.0,0.0
236,0.07242245784600931,406.6957159245905,297.2734171431463,187.79057024638206,77.25841399789081,22.840015737802478,1.0176559882095213,0.30662757496915893,0.12861046287947508,0.07242245784600931,0.06320254763265143,0.02073728434463562,0.0,0.0,0.0,0.0,0.0
237,0.07228051208971586,406.15069759717966,297.05205260796924,187.0534164974828,77.18595798016847,22.71193316537453,0.9733709272055848,0.30658741462236105,0.12834937200624008,0.07228051208971586,0.06103627090741037,0.019897261860049476,0.0,0.0,0.0,0.0,0.0
238,0.07061801610394292,405.5515811610421,297.02420648431604,186.95112724042613,76.76001493087803,22.381338764779645,0.9366195334683705,0.30522449211584224,0.12813217411240552,0.07061801610394292,0.06041392867690032,0.019201940427133746,0.0,0.0,0.0,0.0,0.0
239,0.06734046500345059,397.4587020652366,289.9719403975145,181.7386886083031,76.20928108295158,22.32672440775504,0.9295695030622175,0.3016353154679403,0.12812633043339128,0.06734046500345059,0.05992175164074531,0.019101418006914006,0.0,0.0,0.0,0.0,0.0
240,0.06720741395888141,394.72626580502543,287.51069742517535,180.90620628178968,75.27567013553578,21.760165586866602,0.9224136438349992,0.3009871344372117,0.12659772448301165,0.06720741395888141,0.05964952487113351,0.018914458112189392,0.0,0.0,0.0,0.0,0.0
241,0.06689228519182544,392.6089958865328,286.7828415686894,180.58263930279296,73.6366144122639,21.307632816832406,0.9176956815912141,0.293836534112369,0.1247649864721534,0.06689228519182544,0.05909689165175491,0.018521327688235667,0.0,0.0,0.0,0.0,0.0
242,0.06684757929871665,391.60313958506924,286.6679200212158,180.13843566862568,73.62520736173418,21.29236200264989,0.8775751827376899,0.2929670274861935,0.1241399662413083,0.06684757929871665,0.05909251001979965,0.0183698236197678,0.0,0.0,0.0,0.0,0.0
243,0.0658982703605786,390.00519856736605,285.26116823730104,179.395137924049,71.52006528124852,20.07723309397875,0.8589629688888971,0.2902266192868934,0.12373796026048645,0.0658982703605786,0.05761841515600463,0.017319204151494905,0.0,0.0,0.0,0.0,0.0
244,0.06531168308968738,362.5343154439614,261.17393839634,158.91357022744342,59.38744181593718,19.538291064151334,0.8533328590759646,0.286792464876757,0.1227828264436015,0.06531168308968738,0.05409140599375539,0.01674246455634143,0.0,0.0,0.0,0.0,0.0
245,0.06529233794447897,361.2901120745367,260.01800424297903,158.8391328377282,58.10162750697894,17.17413394728564,0.8458323257282176,0.28331171044631476,0.12270608641364666,0.06529233794447897,0.05342421476959336,0.01589729077253965,0.0,0.0,0.0,0.0,0.0
246,0.0639064739940125,359.24168615315807,259.02357712263887,158.2343625548049,57.57632558014255,17.02489576810408,0.8358459720041582,0.2830105295069205,0.12220035348027913,0.0639064739940125,0.0524659827705245,0.015803629695314347,0.0,0.0,0.0,0.0,0.0
247,0.06381643477149423,358.1531648361905,258.5671111536161,158.16039652205848,56.78437965171838,16.408938907353438,0.8091898847743151,0.2828509359805158,0.12157309312786424,0.06381643477149423,0.05182118465901242,0.015678756987115294,0.0,0.0,0.0,0.0,0.0
248,0.06147683204176113,357.11822961008806,258.42200145269084,157.84590529014616,55.804983930484894,16.03153497634005,0.8082059187343429,0.2802131427738743,0.12031382016634873,0.06147683204176113,0.05146354093111816,0.015512162602640878,0.0,0.0,0.0,0.0,0.0
249,0.06129921590203957,349.13256647340836,251.33494473109093,152.95842206899957,54.713077000079956,15.962037771812108,0.7960700723052856,0.27592600366559905,0.12015312157426972,0.06129921590203957,0.05134019691817904,0.014370281635353477,0.0,0.0,0.0,0.0,0.0
250,0.059825747202338686,348.8256187976372,250.96805295599577,152.0324919255006,53.228108488177185,15.69357258057123,0.784703660393828,0.2759028004130364,0.11866195306022664,0.059825747202338686,0.05068160162939739,0.013853143052307226,0.0,0.0,0.0,0.0,0.0
251,0.0582899388477669,343.5302696443628,246.20085346365315,147.97144616166804,53.156977886093465,15.130229188081035,0.7612549897556373,0.2756755192242599,0.11808673439685524,0.0582899388477669,0.050477059538327484,0.013852310374167232,0.0,0.0,0.0,0.0,0.0
252,0.058048540406057336,341.7275539972911,244.8689069689214,147.1102688192764,52.64751308597353,14.860857806735645,0.7533523325762459,0.27559526806075363,0.11786164629026308,0.058048540406057336,0.05033143875381518,0.012790856068417567,0.0,0.0,0.0,0.0,0.0
253,0.05779824429066527,341.0971099019406,244.44442437771974,146.89174773222345,51.541215678725464,13.966412191294216,0.7527900890830947,0.2738316074438767,0.11615412418184645,0.05779824429066527,0.04997929409498769,0.011821040138813022,0.0,0.0,0.0,0.0,0.0
254,0.05687851130008892,336.6092686840691,240.25081388006083,145.8026666952166,49.89131494674349,13.780286602509523,0.7424238182138483,0.2721176081630179,0.11340267487694122,0.05687851130008892,0.04915676762470311,0.011470529951913111,0.0,0.0,0.0,0.0,0.0
255,0.05661949053521731,332.23363868174454,239.08899789763123,143.17934644446302,49.5542986024785,13.77870539961326,0.7295612266231326,0.2711481516442533,0.11313537498700477,0.05661949053521731,0.04911332249305622,0.01072939119255567,0.0,0.0,0.0,0.0,0.0
256,0.05656893017681175,304.8939942510229,217.64885096989704,135.33732563140936,49.49897947657725,12.676110391905269,0.7284163920598117,0.2705654742241046,0.11133185531486212,0.05656893017681175,0.048974157722366796,0.010475446104474262,0.0,0.0,0.0,0.0,0.0
257,0.05625151263032513,303.8144938430505,217.40536083924357,134.39829408053015,47.40553942532857,12.225553717585342,0.7264909471447794,0.26642370462566345,0.11001197163341603,0.05625151263032513,0.047961696220577554,0.008465013666633547,0.0,0.0,0.0,0.0,0.0
258,0.05531397571929153,303.0909802923662,215.19807938121846,130.53270828103058,45.998514774014446,11.676862547160953,0.7246533601704133,0.2630850510953602,0.10929261123314271,0.05531397571929153,0.04691181087629559,0.008337911139546073,0.0,0.0,0.0,0.0,0.0
259,0.05420888148863723,300.451161275456,215.00861529168986,124.2232452110817,41.24789271285802,10.41301086241851,0.7091020144484519,0.2606807711237167,0.10924690238666823,0.05420888148863723,0.04684221839347136,0.008169832543059474,0.0,0.0,0.0,0.0,0.0
260,0.05395580115936882,299.52304878496585,214.16449945988748,123.61451395544933,40.83459595635071,10.220925317443136,0.7001486310366121,0.25989163826853057,0.10462656448614305,0.05395580115936882,0.04614658800179949,0.007137120516665041,0.0,0.0,0.0,0.0,0.0
261,0.05363399941300595,299.4009122708597,213.6763704853733,123.3617695571051,39.206405230052404,10.181546837278791,0.6919117900643263,0.25250362666293036,0.10356811367470153,0.05363399941300595,0.045655867879466294,0.006977608364961085,0.0,0.0,0.0,0.0,0.0
262,0.05345039094650428,299.10407981416637,211.18645705958252,121.04839456344182,38.444875809689364,9.673402380392611,0.6842022453435355,0.2480740016402352,0.10309084642820276,0.05345039094650428,0.04557998842784006,0.006504886795554388,0.0,0.0,0.0,0.0,0.0
263,0.05317217674470576,298.96073175480626,209.78150652398335,119.79399260411503,37.818126184920864,8.927399642330613,0.6467320238114809,0.24798392202494823,0.10256074204726806,0.05317217674470576,0.045167685464077456,0.0055834726304484494,0.0,0.0,0.0,0.0,0.0
264,0.052910506798280244,298.34628045852617,209.52013209195823,119.78534622423183,37.421001084777934,8.386408213850359,0.6366789940909496,0.2468343147318386,0.1019092384783522,0.052910506798280244,0.044999337630442504,0.00460824456575426,0.0,0.0,0.0,0.0,0.0
265,0.052309976287287396,278.27512657641114,199.11635763330187,119.09175335771069,37.23045550857604,8.345706442710597,0.633492305655611,0.2373274633082061,0.10158191149209927,0.052309976287287396,0.042270119505809056,0.004375487401770517,0.0,0.0,0.0,0.0,0.0
266,0.05133123901656034,274.69311001401854,196.08762442548115,118.39552139433005,36.815797855005755,8.204877180344177,0.6250948978575648,0.23494090450337035,0.10072411990084462,0.05133123901656034,0.04157522417966408,0.003772541577286903,0.0,0.0,0.0,0.0,0.0
267,0.05033108746764969,274.0421335550249,195.89382568689902,116.380226835703,35.76461162423925,7.8647252826989344,0.6078895243809066,0.23219438919335555,0.10020050355364685,0.05033108746764969,0.04149923937683386,0.0026024377104998386,0.0,0.0,0.0,0.0,0.0
268,0.04814460606737425,273.10104586035646,195.66117575600174,116.28922297436648,35.67908841707316,7.77292904849393,0.6003348492203522,0.22834361126640168,0.09968319955619465,0.04814460606737425,0.03834140916793016,0.002543384075222921,0.0,0.0,0.0,0.0,0.0
269,0.047653918892798464,272.8797363353566,194.91018302752354,116.10000325956489,35.53864447791347,7.609753168397639,0.589254290510193,0.2240971261132525,0.09919609570226173,0.047653918892798464,0.03820929211984603,0.0020892008478636814,0.0,0.0,0.0,0.0,0.0
270,0.0460438579656397,269.8201257367202,193.22713512647977,115.77041667149868,35.02867549855397,7.394411039064407,0.5812972718634497,0.2174400566717145,0.09869538536710842,0.0460438579656397,0.03798039650642693,0.001965230329022072,0.0,0.0,0.0,0.0,0.0
271,0.04455940876488018,268.73688779346406,192.30615478149875,114.99655168662392,33.569052723645,6.564336827042804,0.5806908885975477,0.21618045835944355,0.09777063035986222,0.04455940876488018,0.03780584384168173,0.0007361732327724191,0.0,0.0,0.0,0.0,0.0
272,0.04441536156803627,266.23319067508146,189.94127098956724,113.00252610327487,33.19570604418266,6.3564177297721285,0.5792728343605638,0.21594087676203277,0.09740689824687854,0.04441536156803627,0.03655945005263006,1.8253786456368104e-05,0.0,0.0,0.0,0.0,0.0
273,0.04397167496359056,264.3374701795835,188.45747350236678,112.74936018277744,33.17834622200847,6.290900164783053,0.5505471507231823,0.21587992577890014,0.0970536763116665,0.04397167496359056,0.03555813046067158,0.0,0.0,0.0,0.0,0.0,0.0
274,0.043384058470351095,263.5041990197725,187.8195558647441,111.67748570387448,32.12308997368743,6.232072643359038,0.541655880041372,0.20998785198573766,0.09566463876685005,0.043384058470351095,0.035183009526639664,0.0,0.0,0.0,0.0,0.0,0.0
275,0.04135101249856188,257.86412903598546,185.38197211069922,111.32435172466417,31.560424201756753,5.877185078754261,0.5327994376689515,0.20143912895315608,0.09339117013402642,0.04135101249856188,0.03392694243860306,0.0,0.0,0.0,0.0,0.0,0.0
276,0.040504757991007834,256.89901137189236,184.27336390675592,109.83360892153382,31.041509660472688,5.812861895723836,0.5317247189084287,0.200396693757402,0.09317379605760001,0.040504757991007834,0.033539234232790704,0.0,0.0,0.0,0.0,0.0,0.0
277,0.04022184045147292,228.9256087685911,160.4308031687089,91.10815302484853,30.19978678709515,5.752438378696796,0.5271675089349881,0.19415493785025562,0.09191154693013925,0.04022184045147292,0.03279081464319278,0.0,0.0,0.0,0.0,0.0,0.0
278,0.040101997508724896,226.87402022729356,158.67344534762393,91.0360064475508,30.03690673398899,5.42490926552431,0.5206447632627256,0.19184396661722425,0.09189127392574847,0.040101997508724896,0.03162205858055045,0.0,0.0,0.0,0.0,0.0,0.0
279,0.03908417239091233,226.2660723646326,158.1537667010267,90.94308101735835,29.92557668136897,5.410631188977893,0.5112172144363256,0.18751861381619017,0.09028526308357243,0.03908417239091233,0.03119284708352943,0.0,0.0,0.0,0.0,0.0,0.0
280,0.03896326591030652,223.17823320859242,157.50804252275046,90.8185104436766,27.64354221270544,5.320047466209401,0.48471957127006826,0.1873760727383158,0.08982905751011883,0.03896326591030652,0.030524603260089656,0.0,0.0,0.0,0.0,0.0,0.0
281,0.038930685124711095,220.67437106377005,155.20140107731564,89.61899552013664,27.03212279633717,5.083191952366857,0.4802044552539533,0.18720587796750476,0.08743889581934972,0.038930685124711095,0.02995764754772079,0.0,0.0,0.0,0.0,0.0,0.0
282,0.0379764137678662,218.14286559489994,152.91402098937678,88.85087624910075,26.327361706376696,5.067907708781272,0.47791215206081095,0.1854771530155157,0.08691172787217138,0.0379764137678662,0.029595285419553807,0.0,0.0,0.0,0.0,0.0,0.0
283,0.03737939464159301,217.40433971827463,152.2414874891405,86.78518526257763,24.7809726755683,5.053184761401634,0.4574811963050647,0.1827678492865541,0.0865920945368781,0.03737939464159301,0.02951451038500741,0.0,0.0,0.0,0.0,0.0,0.0
284,0.037234499051100656,216.45364243959403,152.23434125679398,86.55287970988567,24.694756036335182,4.983026493479375,0.45521198822607545,0.1812838362600615,0.08536392814507421,0.037234499051100656,0.029409770681511738,0.0,0.0,0.0,0.0,0.0,0.0
285,0.036165395117874866,215.153435194572,151.5930617718985,86.16435167403732,24.562922947454847,4.978088261439325,0.4352557510419153,0.17928275959097828,0.08496526719771125,0.036165395117874866,0.028541160374038865,0.0,0.0,0.0,0.0,0.0,0.0
286,0.03590893701136033,212.8682998766523,151.04266732585643,86.09527295465264,24.559192932430538,4.92267357288169,0.4337828471683396,0.17718114615307634,0.08464904792076622,0.03590893701136033,0.028186890550380372,0.0,0.0,0.0,0.0,0.0,0.0
287,0.03557009218024776,181.55401466323184,125.62286081642449,70.3182266183112,24.1983796585625,4.905429783413783,0.43097201749239367,0.17338545243306158,0.08318289807249535,0.03557009218024776,0.02690635420336651,0.0,0.0,0.0,0.0,0.0,0.0
288,0.03433954721553678,181.54393478349124,124.47187203246071,70.151156135455,22.70610275536728,4.884923963111704,0.41038044929232775,0.17012594084317945,0.08302289398710494,0.03433954721553678,0.026238125188805972,0.0,0.0,0.0,0.0,0.0,0.0
289,0.03360486098465443,177.73379315785397,123.86345546928573,69.55043238332813,22.567876489522025,4.789661406880141,0.4030635133513123,0.16701935281952895,0.08164346023633873,0.03360486098465443,0.023877546977685737,0.0,0.0,0.0,0.0,0.0,0.0
290,0.0331481805220144,176.6830184470346,123.8282159288846,69.13961896847415,21.844514327763598,4.415625245227588,0.40286621159814495,0.16556102070876366,0.08150585071683425,0.0331481805220144,0.02349472500459604,0.0,0.0,0.0,0.0,0.0,0.0
291,0.03249185235658403,175.96430848115725,123.20388557311634,68.87669254448957,21.82878096158462,4.367641651153549,0.39813665433868417,0.16535882156411508,0.08001175919792924,0.03249185235658403,0.02289791242706185,0.0,0.0,0.0,0.0,0.0,0.0
292,0.031809336964002455,174.92456952325048,122.31822281484472,68.81188498516278,21.643875241044746,4.348196629355694,0.39614005438174504,0.1631172405788115,0.0798871964639929,0.031809336964002455,0.02253772441841173,0.0,0.0,0.0,0.0,0.0,0.0
293,0.031041203589980082,171.73556392398197,120.30614009642628,68.79171584834106,21.604710198055983,4.255749462839736,0.3904087219460939,0.16170980054493245,0.07860565648983986,0.031041203589980082,0.022276898901506526,0.0,0.0,0.0,0.0,0.0,0.0
294,0.03011343766530228,170.69537541554007,120.02857357225831,68.75838921619149,20.787527128950398,3.904885322163949,0.3857817376188082,0.16144718566935667,0.07826925558471154,0.03011343766530228,0.02198500840832729,0.0,0.0,0.0,0.0,0.0,0.0
295,0.029524675196564987,169.93904079116106,119.93083927268992,68.508295802318,20.70845325640543,3.8547366054700136,0.3840245980507657,0.16132525053377766,0.07601622060666613,0.029524675196564987,0.02151106131583913,0.0,0.0,0.0,0.0,0.0,0.0
296,0.02849653408470454,169.42265862616705,119.5878385321526,67.99405492729507,20.287914002045945,3.6862935077760226,0.38401129599645234,0.1610524436275993,0.07573686619644548,0.02849653408470454,0.020937449085402626,0.0,0.0,0.0,0.0,0.0,0.0
297,0.028197503414301828,168.8516834580911,119.10174950189602,67.32944900991657,20.225539684452595,3.4926029887124415,0.3760248280399443,0.16015685095806065,0.0757140638524394,0.028197503414301828,0.019805547662823386,0.0,0.0,0.0,0.0,0.0,0.0
298,0.027353179103863923,166.84047144908575,117.51278491554274,67.30183115224101,20.085264893322645,3.3323211206863608,0.375555772057919,0.15859971751730506,0.07378289394443183,0.027353179103863923,0.0196628496025677,0.0,0.0,0.0,0.0,0.0,0.0
299,0.027326919446220677,166.38585569990013,117.27559512502702,66.87139759154152,19.851768737487713,3.1934218769280744,0.37103454679303627,0.1580732359136765,0.07229959066495328,0.027326919446220677,0.019100178035036164,0.0,0.0,0.0,0.0,0.0,0.0
300,0.02674039143229856,165.46040323653568,116.59078667482889,65.26492943385088,19.845795818159942,3.182055108914853,0.3614717717015148,0.15553559828279884,0.07228973355064805,0.02674039143229856,0.01889378992027213,0.0,0.0,0.0,0.0,0.0,0.0
301,0.02649781111891758,156.43523228213175,108.53657709712628,59.737930790844665,19.35445307476528,2.8156269335924753,0.35752708594747795,0.15476690208761812,0.07072546566656168,0.02649781111891758,0.01872986364144591,0.0,0.0,0.0,0.0,0.0,0.0
302,0.026336297327983482,155.46051301588307,107.73839626300511,59.21246237769934,19.13879926906493,2.4842736616679453,0.3535615524381106,0.15339654182468832,0.06865436248907786,0.026336297327983482,0.018342113017715267,0.0,0.0,0.0,0.0,0.0,0.0
303,0.02628838113610321,155.26245628451886,107.68745489174718,59.11628838885102,19.12729698636322,2.455110431124014,0.3519671832123965,0.14725555424274916,0.06814997933494826,0.02628838113610321,0.017619578184540297,0.0,0.0,0.0,0.0,0.0,0.0
304,0.026243354457996526,151.76842481527072,104.4876541427115,58.78307717320184,18.90496674873807,2.2037464904771964,0.3432738047305737,0.1462755421462616,0.0675609438869973,0.026243354457996526,0.01725560219964617,0.0,0.0,0.0,0.0,0.0,0.0
305,0.02601265689338783,150.56756156143496,103.37506010493952,58.072553881370546,18.82046821506151,1.9736420272133333,0.33763626804199975,0.14547228976787108,0.06702876355814391,0.02601265689338783,0.01703708025653028,0.0,0.0,0.0,0.0,0.0,0.0
306,0.024700730165395646,147.83920389411048,101.45982994369132,57.9866267154596,18.500804429940537,1.7732964074139872,0.33334607249353465,0.14546068101374776,0.06669827535329076,0.024700730165395646,0.016848237157355728,0.0,0.0,0.0,0.0,0.0,0.0
307,0.024556839806777697,146.8572847292433,100.63574464944922,56.99271536416521,18.44582927026127,1.6239098157237712,0.30939747411084384,0.14384367982205815,0.06608369080598342,0.024556839806777697,0.016497018497543703,0.0,0.0,0.0,0.0,0.0,0.0
308,0.02386871512381017,145.35953575058022,100.17754203215608,56.88057432327537,18.413235037075246,1.4935676623895042,0.3063751238723953,0.1436154182530025,0.06546561649241167,0.02386871512381017,0.015881175675999115,0.0,0.0,0.0,0.0,0.0,0.0
309,0.023851183711163237,144.8729334958985,100.06348190995449,56.474567352749816,18.29672414999845,1.4869431877888442,0.3061633129066519,0.14303789963666835,0.06399012632785972,0.023851183711163237,0.01582731375452351,0.0,0.0,0.0,0.0,0.0,0.0
310,0.023741804626047802,144.1645748484403,99.7988932249333,56.374293337975516,18.240821922217457,1.3837113229458056,0.3052655907768951,0.14255427592842684,0.06372518751484835,0.023741804626047802,0.015765794255652388,0.0,0.0,0.0,0.0,0.0,0.0
311,0.023639848956758414,142.40923426196505,99.69703403918997,56.33242196103213,18.1457926151892,1.320362167648632,0.3041276253286471,0.1425343754575059,0.06352118813827534,0.023639848956758414,0.01544131211939126,0.0,0.0,0.0,0.0,0.0,0.0
312,0.023472766280143276,141.7312637961584,99.4818384392334,56.30689234887622,18.04601969591189,1.3088762002239016,0.3040438512505952,0.14142048723311262,0.06292281828543467,0.023472766280143276,0.015412983166784855,0.0,0.0,0.0,0.0,0.0,0.0
313,0.022863768961100428,141.00366052511467,98.9429793634719,55.319093318339725,17.887207544219017,1.217847321692005,0.3004702309663789,0.13907558465346126,0.06242414302614363,0.022863768961100428,0.015178498620999514,0.0,0.0,0.0,0.0,0.0,0.0
314,0.02222826253664456,136.1148566482275,97.48446914991648,55.282567527167984,17.878838521272712,1.126488316786181,0.29335151177960306,0.139012429466832,0.06041423042237026,0.02222826253664456,0.013251273704784294,0.0,0.0,0.0,0.0,0.0,0.0
315,0.022169621452582833,135.41285315476634,96.98739003866427,54.27945259857858,17.61938245329658,1.0738222047468233,0.29151736790036,0.13739185605649507,0.05895181205110411,0.022169621452582833,0.013097775554281377,0.0,0.0,0.0,0.0,0.0,0.0
316,0.02049455665045974,133.8588663131283,95.87578639928488,53.824861832691894,17.514480487977984,0.962603337336905,0.28059238568534384,0.13737690519676304,0.058176883728312756,0.02049455665045974,0.013012826001560063,0.0,0.0,0.0,0.0,0.0,0.0
317,0.01994525107476397,132.86667345484227,95.0135019855053,53.514213448378996,17.368588864697287,0.9104900746934805,0.2804167856902362,0.13719995097389592,0.05511356705429726,0.01994525107476397,0.011702905275286835,0.0,0.0,0.0,0.0,0.0,0.0
318,0.01943086788408177,132.57571842916033,94.9751384515932,53.13454120652356,17.222054982111167,0.8845437054062053,0.2683829560401727,0.13614441637423136,0.054148012433540726,0.01943086788408177,0.011139456470841358,0.0,0.0,0.0,0.0,0.0,0.0
319,0.0194063912368585,125.77375295467579,88.9017680293164,52.58495104968004,16.653308549819826,0.7953362630678549,0.26751634013822123,0.13600277280004303,0.05377012168049,0.0194063912368585,0.011038104389718528,0.0,0.0,0.0,0.0,0.0,0.0
320,0.018603011908229217,125.4328458520812,88.6866582111683,52.32267567741893,16.57003439479613,0.7581974238274949,0.2653184618304074,0.1327143600731744,0.05258118834831471,0.018603011908229217,0.010955192930289348,0.0,0.0,0.0,0.0,0.0,0.0
321,0.018578016644337225,118.09886044499864,82.11654942860036,52.27743436640867,16.519718366064417,0.7539898247719827,0.26128171235430697,0.13022546192583184,0.0510019156557302,0.018578016644337225,0.010667462721144272,0.0,0.0,0.0,0.0,0.0,0.0
322,0.01800467338281031,115.99712089044446,80.61090850895773,51.23748359553129,16.060167413097464,0.7271027986878995,0.2552367314705042,0.12999625467473863,0.0509478666427845,0.01800467338281031,0.010378729843881773,0.0,0.0,0.0,0.0,0.0,0.0
323,0.017827362398637137,115.21156081663678,80.2939558670261,51.13677373100432,16.02815678671176,0.7134126909473433,0.24493603068689507,0.1279237453612172,0.05080233609642959,0.017827362398637137,0.00955923027872796,0.0,0.0,0.0,0.0,0.0,0.0
324,0.017353678867040534,113.07414863107769,80.12685339355886,49.95517920852483,15.979145597296196,0.6992360740711565,0.24262099385659175,0.12744630894988385,0.05013048373391027,0.017353678867040534,0.009360578284545618,0.0,0.0,0.0,0.0,0.0,0.0
325,0.01732073003981416,109.74865675241325,79.9955562724416,49.89270566095544,15.936969088815507,0.6876947053132167,0.23774585626579725,0.12611418302515331,0.049241493135275594,0.01732073003981416,0.008904538776628224,0.0,0.0,0.0,0.0,0.0,0.0
326,0.017317067925170182,108.38493289239962,79.86420776694132,47.80005413722176,15.730391996804256,0.6300403453512373,0.22585697983392072,0.12251752720011355,0.048848472824715605,0.017317067925170182,0.008539660256708048,0.0,0.0,0.0,0.0,0.0,0.0
327,0.0173025062316714,107.07628129943257,79.49571871132937,47.04291199929681,15.436724748652665,0.5952739272056156,0.2253664720401578,0.12196547960242299,0.048587444085570475,0.0173025062316714,0.00787025378387618,0.0,0.0,0.0,0.0,0.0,0.0
328,0.017296130139675014,106.77723875945567,77.28683213573798,47.035707768510655,13.92732068262488,0.5321382399636096,0.221791461128515,0.11820027982556969,0.04851167759044528,0.017296130139675014,0.007763108432278232,0.0,0.0,0.0,0.0,0.0,0.0
329,0.01687271722133654,100.43673248879932,74.1789730671508,46.540202650722016,13.8329123662248,0.5313234198357084,0.21882572110643572,0.11674134385383694,0.048438435314896555,0.01687271722133654,0.007050749774718312,0.0,0.0,0.0,0.0,0.0,0.0
330,0.016298176003087583,99.27943454225826,73.3598141571284,45.92920701588754,13.50295702586414,0.5296127034927207,0.21106598117731767,0.11443977902050517,0.048347493045454826,0.016298176003087583,0.006696104686545912,0.0,0.0,0.0,0.0,0.0,0.0
331,0.015847325803949985,97.27818598575907,71.50935744841838,45.23424729092585,13.315053398372216,0.5188958091312086,0.2017772682806256,0.1133451019261813,0.047452147276746626,0.015847325803949985,0.006694431516750532,0.0,0.0,0.0,0.0,0.0,0.0
332,0.01517170773330867,96.76670955005993,71.20016602918507,44.89570744616078,12.502889609786495,0.5021950150226668,0.20125130185866502,0.11263900229618917,0.04651076713132474,0.01517170773330867,0.006163383309879089,0.0,0.0,0.0,0.0,0.0,0.0
333,0.014983856865952161,94.30573790054,69.20957661134072,44.73363138703372,12.09174847342945,0.46491070170593773,0.19822770838513248,0.11181925473932797,0.046429651506211256,0.014983856865952161,0.005773757054530648,0.0,0.0,0.0,0.0,0.0,0.0
334,0.014645125187435548,92.07099425182423,68.74232713645804,44.19373434563973,11.502993740069986,0.4605598352660323,0.19674389428517935,0.1087563380925094,0.045628519676883306,0.014645125187435548,0.004780612627786729,0.0,0.0,0.0,0.0,0.0,0.0
335,0.014041766641992526,88.31328334097978,68.41076513823025,44.06269168160905,11.160678091404895,0.4600802649150524,0.19667097902716857,0.10646065075885103,0.045577775431842715,0.014041766641992526,0.004022969309736224,0.0,0.0,0.0,0.0,0.0,0.0
336,0.01348419418685598,88.27945667098258,68.08774365491016,43.81473106247507,10.868647456823345,0.42856207110874656,0.19389953334047627,0.1019218766141976,0.044687270046930294,0.01348419418685598,0.002436579695127117,0.0,0.0,0.0,0.0,0.0,0.0
337,0.013467614692700414,87.49562014410353,67.98719413808679,43.705884449564124,10.639170357372718,0.4180242416516735,0.193874904777654,0.09983133922019549,0.04437778697101247,0.013467614692700414,0.0017435304872996937,0.0,0.0,0.0,0.0,0.0,0.0
338,0.013181464840168022,87.24733337223225,67.88963988538899,43.47861876972068,10.623739328099008,0.4153067119053322,0.18753836315732264,0.09960291921951647,0.04414927400811086,0.013181464840168022,0.0,0.0,0.0,0.0,0.0,0.0,0.0
339,0.012925163482133017,85.25643134896832,64.9828932937201,40.75251212518394,8.483122746423238,0.40609533784650687,0.18304874657979342,0.09718843951980638,0.0440716917189905,0.012925163482133017,0.0,0.0,0.0,0.0,0.0,0.0,0.0
340,0.0127229600406078,63.38703679092953,48.14821640126664,34.71325218384253,8.257308148212736,0.3884954466949848,0.17877358309462088,0.09444366269797211,0.043641357874246944,0.0127229600406078,0.0,0.0,0.0,0.0,0.0,0.0,0.0
341,0.01032204081372412,61.75905540752825,46.80741944201384,34.1328513838327,7.982008033622331,0.3841444221976471,0.17781019499295647,0.0942739760439193,0.04276719695512421,0.01032204081372412,0.0,0.0,0.0,0.0,0.0,0.0,0.0
342,0.009238230148362003,60.973754779043645,46.440863266138535,32.38244132443013,7.946298678610036,0.35850204441316547,0.16847214881320283,0.09007164080965668,0.04254586632222024,0.009238230148362003,0.0,0.0,0.0,0.0,0.0,0.0,0.0
343,0.009180681465172258,59.44352873539953,45.99109349329439,32.104579337694,7.379799214468994,0.3424660127692922,0.16392980671234736,0.08993758726392453,0.04246120183112101,0.009180681465172258,0.0,0.0,0.0,0.0,0.0,0.0,0.0
344,0.006220550280321868,58.07140164545378,45.85234123274988,32.03860311059597,7.2554345061722545,0.336785118878566,0.15930063281565676,0.08545161419829395,0.042036424160872166,0.006220550280321868,0.0,0.0,0.0,0.0,0.0,0.0,0.0
345,0.005866054183785829,56.92456894331915,45.39216366988757,31.67635046422911,7.23025284663767,0.31115823302386647,0.15131165324704954,0.08542106960238627,0.04125719815758533,0.005866054183785829,0.0,0.0,0.0,0.0,0.0,0.0,0.0
346,0.004594737687859007,53.815587453662985,43.19596451958444,31.30471774238638,7.064385385855455,0.287284098761976,0.14948440084416004,0.08394127029948084,0.040597297772775764,0.004594737687859007,0.0,0.0,0.0,0.0,0.0,0.0,0.0
347,0.004069923737737957,51.83997887688366,42.52555916452013,31.297520273867725,6.703225967028942,0.2864836380075235,0.14623779059355657,0.08293358767716619,0.04049168981581519,0.004069923737737957,0.0,0.0,0.0,0.0,0.0,0.0,0.0
348,0.0033321569816859853,49.53450486730451,41.33804823089013,31.00798063195666,6.523859840480588,0.22951919245402808,0.13428699152701662,0.08038269142751031,0.039220697988011644,0.0033321569816859853,0.0,0.0,0.0,0.0,0.0,0.0,0.0
349,0.003155586301375024,9.445645505823162,6.410696578635652,2.480627955756879,1.7104015649834192,0.22720293403894276,0.13255102589307222,0.07680820763094287,0.03789543384308436,0.003155586301375024,0.0,0.0,0.0,0.0,0.0,0.0,0.0
350,0.0025352824785556116,8.517564799556666,5.5773636630249825,2.223069441046576,1.1068051061404458,0.2106243827127372,0.13217605663252718,0.07510020987475796,0.033269996876847285,0.0025352824785556116,0.0,0.0,0.0,0.0,0.0,0.0,0.0
351,0.0011553334442224727,6.539064453148881,4.488766416965875,2.0012274369456367,0.9719587000580714,0.20434467430753323,0.13170191056897296,0.07451473437831746,0.03129678124256685,0.0011553334442224727,0.0,0.0,0.0,0.0,0.0,0.0,0.0
352,0.0009431129841970254,5.560721127528003,3.6719583086263157,1.8804403919444583,0.8657965010401023,0.19172271324929713,0.1246678314354357,0.0725828912597879,0.028180090573585836,0.0009431129841970254,0.0,0.0,0.0,0.0,0.0,0.0,0.0
353,0.0006280150722837163,4.570711225543238,3.138337549261917,1.7126542311820134,0.823699388418806,0.17883767180879873,0.12344866156539047,0.06929997941491362,0.0277711062498307,0.0006280150722837163,0.0,0.0,0.0,0.0,0.0,0.0,0.0
354,0.0001098697754575717,4.224895598898382,2.875846658025605,1.43710503248193,0.7203277351307604,0.17155457136940644,0.11448689749693641,0.06926844898596829,0.02729776354701241,0.0001098697754575717,0.0,0.0,0.0,0.0,0.0,0.0,0.0
355,2.5247434141117964e-05,1.2901836179549369,1.0435219291846711,0.8127743142046686,0.6628936911276897,0.13427870374393214,0.08935133659558736,0.058545355769085594,0.025367937350489367,2.5247434141117964e-05,0.0,0.0,0.0,0.0,0.0,0.0,0.0
356,0.0,0.4641780242332203,0.3167729790107283,0.16938148053307533,0.10922642262414994,0.05322800818120932,0.019022515966448328,0.0,0.0,0.0,0.0,0.0,0.0,0.0,0.0,0.0,0.0
