,baseline_3.0,0.5,1.0,1.5,2.0,2.5,3.0,3.5,4.0,4.5,5.0,6.0,7.0,8.0,9.0,10.0
0,0.08923436130798912,0.16750226921114542,0.1213301281441117,0.10245498951708121,0.09804719295818054,0.09364059297889016,0.08923436130798912,0.08482825097296742,0.08146688044391981,0.0799845379744073,0.07850303271114356,0.07554123780871325,0.07257994032644222,0.0696200755961478,0.06666021374214504,0.06370035188062428
1,0.08443439711366452,0.16494905163863893,0.10686517594678735,0.1001772281931288,0.0874090614761811,0.08592043410610195,0.08443439711366452,0.08294999131179015,0.08042218689972724,0.07601630159016848,0.07166767388547002,0.06870865619353572,0.06574971544721775,0.06279078031326613,0.059831845178357046,0.056872910111456454
2,0.050887573365957284,0.16368304244679854,0.10070237355332967,0.07549854318995042,0.06387268161982695,0.052367355191508036,0.050887573365957284,0.049407813208286244,0.047928087903608585,0.04644837428297954,0.044968883581441466,0.04200995126710949,0.03905102237316371,0.03609209501327881,0.03313316765339391,0.030174240293509014
3,0.04561947788380638,0.15172211432769522,0.0872269852039067,0.059386128120137105,0.05384717424475882,0.0522753133210454,0.04561947788380638,0.043687135754231665,0.042199276851943024,0.04071396903157565,0.03922899998990381,0.03626290808171828,0.0332990344577524,0.030337849430878583,0.02737749063188466,0.02441730598162417
4,0.045177456093701496,0.1116789347653524,0.0786644652944315,0.05532714113375703,0.051529898322663525,0.048573191067778465,0.045177456093701496,0.04266719888497583,0.03971658855128024,0.03676672119515123,0.03434569065616877,0.031386689535972234,0.028427755356354778,0.025468821178296297,0.022509891510372526,0.019550964149879668
5,0.042579184384333946,0.11129100310785311,0.06671196694945403,0.054492067485878204,0.04849467270512231,0.04553490271638583,0.042579184384333946,0.039626464590398536,0.03730479728675995,0.035825223156374486,0.033816856688452246,0.028026577155006338,0.025067266843756153,0.022107969795033044,0.019148799626293345,0.016189862807792332
6,0.040264160592577536,0.11077347490105205,0.06653456803463631,0.05146228109002693,0.04443091521826914,0.0417438931954921,0.040264160592577536,0.0387844621541964,0.036674630285707055,0.03372381018756543,0.03098595400383619,0.02791758256962895,0.02202055495944144,0.016566084850005547,0.013606274869683688,0.010646630060410667
7,0.03852476787295611,0.07495666740836704,0.057768569056564134,0.050460250128582906,0.04322376613859236,0.04147774083448175,0.03852476787295611,0.03557257144329973,0.03394537033877243,0.03246565535311019,0.030773114131582124,0.024872125414083568,0.019526139798042186,0.01654737934884376,0.013588451989387407,0.010629524629931053
8,0.03691659081877208,0.06982992599226057,0.0574678121276706,0.0457667621631348,0.04281610279028869,0.03986612117472954,0.03691659081877208,0.03542531118550607,0.03262299720802586,0.02967397203450073,0.026725213199660258,0.022486194734350207,0.019506306708300114,0.016123695904024515,0.012401026439422536,0.009442048740854414
9,0.03690541219646093,0.06518116064360524,0.056807936909317736,0.044703997613483315,0.04154185126973431,0.03858688400090671,0.03690541219646093,0.033967395141167867,0.031019076289809933,0.02807098113901274,0.025446446748668583,0.022465366049430946,0.01897427255740536,0.015360004177279452,0.011527562691153292,0.008568100473359541
10,0.03563201780847458,0.0650962193602771,0.054458156097624943,0.044507524732260384,0.04043702338856514,0.03838584603737627,0.03563201780847458,0.03267959454413205,0.029728416185265782,0.026927237587271113,0.025424633944838737,0.021278007982914016,0.018318981924420497,0.014487223454080489,0.011465377446415959,0.008506311441858205
11,0.03134331385924782,0.06296059972859225,0.049405398682861534,0.04339024433040617,0.03461036840253984,0.032823145196177794,0.03134331385924782,0.029863550030417185,0.028383901777183862,0.02690426786891842,0.025122968286743985,0.02082769555410069,0.017383607532536427,0.014424460781108372,0.01069562385285816,0.007736696493727102
12,0.029222224298620425,0.0595491020686576,0.048720517983002365,0.0419046231209208,0.03430368575684151,0.03070307659189364,0.029222224298620425,0.027741708220204275,0.026261747555316406,0.02478191883012304,0.02330216648854888,0.020342823657492737,0.01661412649516847,0.013654565483336878,0.01061717605787904,0.007658248697930414
13,0.02837144974723871,0.05828939562080393,0.04748752764537678,0.035784695564133884,0.03218458085279452,0.02985109492075888,0.02837144974723871,0.026891810674124272,0.025412171594108912,0.023932532503858406,0.0224529473519004,0.01949397045845047,0.016535030778015214,0.01357610341782789,0.010533901855428907,0.007574876979274281
14,0.02829266691035448,0.05694722104897121,0.04634784134712855,0.03550579757434402,0.03133076504331789,0.029773636704450324,0.02829266691035448,0.026811812593680262,0.0253312987875165,0.023851268465574726,0.022371336331118874,0.0194114826662104,0.016452011384034737,0.013492956641241172,0.0103971772558904,0.007438215356069033
15,0.02815201487462282,0.05170078709086923,0.046184687095517596,0.0351777980070751,0.03125522111628398,0.029632122556423557,0.02815201487462282,0.026672166276832776,0.025192536685659128,0.023712957989840522,0.022233381573017796,0.01927423356222091,0.016315119010843482,0.01335613967182514,0.010226857938514966,0.005607741346105977
16,0.02571171943776651,0.051680274076024046,0.03958813274636941,0.033667647376179666,0.031112639442602674,0.027316572778045556,0.02571171943776651,0.024231765862895216,0.02275214909070411,0.021272539853908645,0.01979293072624877,0.01683394169852037,0.013875013911159195,0.010916086365854616,0.007957158889869698,0.004998231413825049
17,0.02359447860417152,0.05145661535150925,0.03726654188127965,0.032810770003242284,0.030769744485223294,0.027191673836878483,0.02359447860417152,0.02211140269633427,0.020628812885900905,0.019147345239662883,0.01766592078902285,0.01470425356792826,0.011743781736861525,0.00878438363683931,0.005824985501152513,0.002865600488867859
18,0.02345077440971255,0.05082190618859217,0.036986377792529,0.032737653872691785,0.028671935948203053,0.026362415673164552,0.02345077440971255,0.021969680398409963,0.020489464310359473,0.019009356338614447,0.01752924836580161,0.014569348219710676,0.011609550629582133,0.008649753060457899,0.0056903697505859,0.002731265762554891
19,0.021955652482577248,0.050126434333132464,0.0365301297312568,0.03259363684024752,0.026574909365307597,0.02508085368398616,0.021955652482577248,0.020373008238376178,0.018893281974631915,0.01741361796769203,0.015933954279474305,0.012974897572892274,0.010015960366738463,0.007057032466120106,0.0040981046057375625,0.0011391768771049637
20,0.021739409303725088,0.04959774350565538,0.035154624335783424,0.030153088390296068,0.026414084761183565,0.02493238658362862,0.021739409303725088,0.02025728702231322,0.018775572968221965,0.0172943449692593,0.015813283281363777,0.012851700364032936,0.009891397074079933,0.006931435397654617,0.00397153529809513,0.001012168710805783
21,0.021603349497981705,0.04931281919301944,0.034568960489386846,0.02807659943259555,0.02470901183496177,0.023223098112163942,0.021603349497981705,0.020122804829022956,0.018642647187304462,0.017162557636367204,0.015682496293758952,0.012722966460356977,0.009763449153358472,0.0068039999451932065,0.003844881267279776,0.0008857630112482084
22,0.020970349664430454,0.04766730680137243,0.034291024724517394,0.02789768208300858,0.0245656811808852,0.023084198015283386,0.020970349664430454,0.019488671052314555,0.01800729715934546,0.016526511047517012,0.015046198900669827,0.012085980974354538,0.009125805663193765,0.006165630348226703,0.0032055417826490906,0.0002466144212893706
23,0.02055313086701549,0.04532301561319518,0.034076187101351296,0.027838253549403946,0.024132656136208297,0.02245225198736911,0.02055313086701549,0.019071061088814956,0.0175898678355213,0.01610910465089277,0.014628624527157186,0.011667664001289602,0.00870728271474297,0.005747484412805148,0.00278781941178341,0.0
24,0.02002509828720922,0.044083399105350196,0.0333255900138385,0.027093267727488435,0.023592414437505704,0.02203593039871299,0.02002509828720922,0.016131266308283765,0.014650633336992458,0.013170193009279352,0.01168991021939747,0.008730061336927886,0.0057703756403100215,0.002810689883705253,0.0,0.0
25,0.017696875423925063,0.04400551800596442,0.03225693407809427,0.02704250062745639,0.023519934327965286,0.020644622280536762,0.017696875423925063,0.016105343861856802,0.014625264521970882,0.013145299430903146,0.01166538001272377,0.008706357774523443,0.005747430279925192,0.002788502789444758,0.0,0.0
26,0.017612111099531758,0.04362242446973896,0.03210416861097887,0.026540236492947233,0.023166983487828974,0.01909348777590414,0.017612111099531758,0.016053725416614872,0.01457302595031229,0.013092390809691157,0.011612359039385067,0.008652801915277841,0.005693298090792442,0.0027337942492455802,0.0,0.0
27,0.017585446731953835,0.0422028938125496,0.0316346861685779,0.026033576037787665,0.02198388747739033,0.019065560740030074,0.017585446731953835,0.01593966023455784,0.014455958225704224,0.01297311915317767,0.011491210484626313,0.008527393278521922,0.005565689306382904,0.002604304148720482,0.0,0.0
28,0.017534438118777862,0.04186233874403289,0.030060053849579438,0.025009477943335856,0.021005662405044978,0.019033082175822225,0.017534438118777862,0.015295666348815518,0.013815332852217477,0.012335006871198706,0.010854836043710625,0.00789478857483572,0.004935497633472785,0.001976357718706412,0.0,0.0
29,0.01742519958641897,0.040619080293421206,0.03004623184906996,0.024936430114251618,0.020575425979936446,0.019015435937323577,0.01742519958641897,0.015177837073066858,0.01369763678320024,0.01221769707718745,0.0107378111006462,0.007778141023063068,0.004818733018044696,0.0018593773177266737,0.0,0.0
30,0.01677622198714812,0.038750534110991275,0.029488449951328155,0.024097147811261488,0.02049750328856481,0.01891215839651128,0.01677622198714812,0.015133323924725106,0.013651755411223876,0.012171139289574029,0.010690644729692389,0.0077302090258839495,0.004769899338749051,0.0018095896161050007,0.0,0.0
31,0.01665822588632171,0.03668499182555007,0.02938471747084037,0.02395690234959802,0.0204020079669609,0.018257170049284177,0.01665822588632171,0.014868348719937918,0.013388029119636435,0.011907939392996836,0.01042797381383842,0.0074683240559421105,0.004509211666099855,0.0015501210498773954,0.0,0.0
32,0.01661508354126906,0.0366516886970043,0.029205279837115627,0.02358193791238561,0.019738813809676792,0.018097254111510752,0.01661508354126906,0.014749128583435134,0.013215881056503287,0.011736267595099159,0.010256716685734357,0.007297648309144922,0.004338628864256622,0.0013796427576202586,0.0,0.0
33,0.01634928224144705,0.03661508736032326,0.02852524318111671,0.022060069428298634,0.019678890152995843,0.01783042708434257,0.01634928224144705,0.014695560203104252,0.013173358163224957,0.011693890298153375,0.01021442246433657,0.007255486948608114,0.004296553204475417,0.0013376258360160431,0.0,0.0
34,0.016175290810924947,0.03577226670128897,0.02800437234325215,0.021981841972423366,0.019580702555935137,0.01765529340677796,0.016175290810924947,0.014652826087614201,0.013029259227230527,0.011549360590556335,0.010069461955088732,0.007110126335239553,0.004150940648551149,0.0011917550076268046,0.0,0.0
35,0.016132294032355388,0.03556141202954044,0.02789205007758766,0.021904684474768565,0.01916777224232935,0.01761176974031753,0.016132294032355388,0.014509159746368017,0.012837032534532167,0.011357568606360724,0.009878104755325134,0.006919177139958155,0.003960249529252113,0.001001322036530139,0.0,0.0
36,0.01598925249776273,0.03312195278626007,0.026973850323601445,0.02122187737878667,0.019135761236453996,0.01746965908494391,0.01598925249776273,0.014316496478661955,0.012135735094875644,0.010656270064916207,0.009176806385350567,0.006217879026219508,0.003258951667088672,0.0003000243079576137,0.0,0.0
37,0.015095435460671158,0.03299276222088299,0.02690884293689444,0.02106670085699447,0.019091246385338323,0.01657534170172803,0.015095435460671158,0.013615529217976041,0.011817196291685317,0.010337607721307762,0.008858019480173951,0.00589884298683252,0.002939666478726455,0.0,0.0,0.0
38,0.014776785468926024,0.03244825915089655,0.026517529738404155,0.020803868108292933,0.018950191146738016,0.01625674231147678,0.014776785468926024,0.013296865993445373,0.011801381748817619,0.009452531264522612,0.007972863951549058,0.005013529373192993,0.00205419544415264,0.0,0.0,0.0
39,0.013892378774419623,0.03243729384511784,0.023588014962681036,0.02061758839107619,0.018742478723457356,0.015372469745864814,0.013892378774419623,0.012412290916524515,0.010932203042327782,0.009192880995626318,0.007713358633298251,0.004754313874904215,0.0017952691386053932,0.0,0.0,0.0
40,0.013632987640443073,0.0316020666521335,0.023547591914203192,0.020570742623047922,0.018055247941146435,0.015113821390647875,0.013632987640443073,0.012152524062661874,0.010672551520680473,0.00904113371805293,0.007557102998713594,0.004590996000617187,0.0016277438541927314,0.0,0.0,0.0
41,0.01350529416203572,0.031206987180319556,0.02346887617725124,0.02043187997389917,0.017736699121565058,0.015011588172299195,0.01350529416203572,0.012014544330847032,0.010526565134302945,0.008853634921336395,0.0063078883872820235,0.003348021198201989,0.0003884502609212692,0.0,0.0,0.0
42,0.0122288401891113,0.030853407364592966,0.023453103831234445,0.020008595583593136,0.01685321195352163,0.014790554047444449,0.0122288401891113,0.010748244411918906,0.009267818628282631,0.007787843396829697,0.005905888094280165,0.002940765330998296,0.0,0.0,0.0,0.0
43,0.011840268287815148,0.03047825406006499,0.022707164084028397,0.019535154178926595,0.01659476169988583,0.0137098512634235,0.011840268287815148,0.01023332933269816,0.008753233097519741,0.007273169661909273,0.0057931063550018536,0.0028336403364952467,0.0,0.0,0.0,0.0
44,0.01171941410663524,0.029864242376008487,0.022556713348582447,0.0192169538172553,0.01654433035088143,0.013222871007302794,0.01171941410663524,0.010223809793909355,0.008735340043098505,0.0072513270676137775,0.00576839138248908,0.002804551646006681,0.0,0.0,0.0,0.0
45,0.011713966017163235,0.028991878783374947,0.02210405910678137,0.018985245670968487,0.015971971922959183,0.013195053636192222,0.011713966017163235,0.010089618990381855,0.008607668229779097,0.007126465972229434,0.005645744547705167,0.0026843013417152672,0.0,0.0,0.0,0.0
46,0.011572348129400334,0.02849013738468087,0.022050413442621153,0.018334329888278322,0.015192263866874889,0.013056054954373453,0.011572348129400334,0.009908900116427866,0.008426570151332191,0.006945181915696486,0.0054638557992130465,0.002502512945896651,0.0,0.0,0.0,0.0
47,0.011392855900883792,0.028082918926423783,0.02191690379840039,0.01807655984274259,0.015026186816361253,0.012877968519653615,0.011392855900883792,0.00971908637830654,0.008239598996781616,0.0067601189255241945,0.005280642715327355,0.0023217090221168135,0.0,0.0,0.0,0.0
48,0.011198576281463701,0.027630834324100517,0.021015508129513583,0.016873617865847512,0.014676382437058821,0.012678085461783395,0.011198576281463701,0.00957622644293088,0.008096762484958608,0.0066172986209285245,0.0051378348033879195,0.0021789072965658907,0.0,0.0,0.0,0.0
49,0.011055690693513753,0.027104547126701073,0.020904483369575955,0.016675938584575833,0.014541458987805678,0.012535155509765916,0.011055690693513753,0.009167408802449595,0.007686785458314027,0.006206199477631902,0.004725896184523348,0.0017653202978531457,0.0,0.0,0.0,0.0
50,0.010648350574679943,0.027002832923073594,0.020697847538762693,0.01626146016410268,0.014157608370363173,0.012129624683010709,0.010648350574679943,0.00914212491469324,0.00765913348921754,0.006177015452126344,0.004695196283560632,0.001732531524659242,0.0,0.0,0.0,0.0
51,0.010625850697038919,0.025390422450911165,0.02041816580564504,0.016033441623418243,0.014014620580935055,0.012111519555636496,0.010625850697038919,0.009104746356255022,0.007624482125726084,0.0061442598421663774,0.004664355069576631,0.0017045799708019782,0.0,0.0,0.0,0.0
52,0.010585368227697733,0.025047276076092473,0.0203106415677472,0.0158415720458005,0.013612137220785137,0.012066236598212488,0.010585368227697733,0.00906310105161734,0.007582161164644052,0.0061013762260886395,0.004620591312255895,0.0016590215608394132,0.0,0.0,0.0,0.0
53,0.01054528822677292,0.024965024349283826,0.020060296873658956,0.015637163657456155,0.013600151682349182,0.012027475586820824,0.01054528822677292,0.008891209898845176,0.007212457700950692,0.005731127943217507,0.00425055575725608,0.0012894831289629316,0.0,0.0,0.0,0.0
54,0.010176113400046205,0.024505179774575225,0.019816405105455237,0.015494162652744281,0.013547575752233865,0.011659035644213,0.010176113400046205,0.008693824408242623,0.007062639311098851,0.005580980104584299,0.004099431590190328,0.0011366944084139075,0.0,0.0,0.0,0.0
55,0.010028555938063288,0.024197517014242775,0.019766251389397027,0.01531274383801895,0.013300257504833546,0.011514020668723868,0.010028555938063288,0.00854520274293935,0.006835164610603295,0.005355699929135538,0.0038762352929806454,0.0009173061284581951,0.0,0.0,0.0,0.0
56,0.009794101950701961,0.02419009438429609,0.019742872650782672,0.015096062750781902,0.01314348306290225,0.01127357503558546,0.009794101950701961,0.008314630580511517,0.006233559737570449,0.004754084412228909,0.003274612859267112,0.0003156752557356146,0.0,0.0,0.0,0.0
57,0.00919252432327955,0.023775319545957796,0.01955975228732232,0.015095348373751927,0.013002543059820626,0.010672022730563224,0.00919252432327955,0.007713039491681117,0.006121838988412565,0.00464056654809708,0.0031593441987098903,0.00019827041338982276,0.0,0.0,0.0,0.0
58,0.009087551719809017,0.023618545086405485,0.01923123703941454,0.015029698773443956,0.012753061394079612,0.010574362117761416,0.009087551719809017,0.007604413356651074,0.006114153560257352,0.004633892561575648,0.0031536908303400057,0.00019342836555091836,0.0,0.0,0.0,0.0
59,0.009075637175804285,0.023530133782577733,0.01860232998719935,0.014631949682451184,0.012151540925956938,0.010557289363525957,0.009075637175804285,0.007594495883575636,0.006072757798344153,0.004592316974414867,0.003112168554714856,0.0001525344341619661,0.0,0.0,0.0,0.0
60,0.009035159714075425,0.023407103678149355,0.017883303432940645,0.01449744437045708,0.012069234936713968,0.010517053127627962,0.009035159714075425,0.007553740434143252,0.005976082904008528,0.0044958948772018115,0.0030157984469538768,5.5823491343920395e-05,0.0,0.0,0.0,0.0
61,0.00893712298743532,0.022496381711488045,0.0175535866519263,0.014232558696448905,0.012039342379543294,0.010418399218328656,0.00893712298743532,0.007456396617506966,0.0059428283623435,0.004156654421451522,0.002674347687180889,0.0,0.0,0.0,0.0,0.0
62,0.00860843760367791,0.02217996858487692,0.017116787727573968,0.01363110404677359,0.01200052420670783,0.010345936659732491,0.00860843760367791,0.007123393250882071,0.005639393987732388,0.0036760252746965705,0.002195915964864348,0.0,0.0,0.0,0.0,0.0
63,0.008118119065597895,0.021300056633210662,0.01697389855874909,0.013573175102247204,0.011900294506455245,0.010096226564059174,0.008118119065597895,0.006637054493814132,0.0051561943448812375,0.0033383203271892814,0.0018584102936953784,0.0,0.0,0.0,0.0,0.0
64,0.007778996103802616,0.02104713261235336,0.016621724621072698,0.01348710665376629,0.011587254322310558,0.00959948054054105,0.007778996103802616,0.006298568150382655,0.004818439181973444,0.0031312745579104018,0.0016498969259515217,0.0,0.0,0.0,0.0,0.0
65,0.007579442717007945,0.018596585884225414,0.01651332541078898,0.013383807888148302,0.011081891810941658,0.009259952242747893,0.007579442717007945,0.0060957480279093534,0.004613486742182538,0.002995436869226209,0.0015157111853669747,0.0,0.0,0.0,0.0,0.0
66,0.0074346142189456454,0.018453813488806814,0.01612574849777748,0.013092668035749488,0.010741463703554333,0.009064365409084507,0.0074346142189456454,0.00595488832139246,0.004475162572928459,0.002994466101669424,0.0013713840045503911,0.0,0.0,0.0,0.0,0.0
67,0.007394396535885139,0.0183967132454137,0.015712074728578385,0.013088764957851273,0.010551713484014735,0.008914531386931435,0.007394396535885139,0.005780974854592058,0.004301034902842726,0.0028214723338195746,0.0013419097695472892,0.0,0.0,0.0,0.0,0.0
68,0.007261208473263059,0.018003159801958546,0.015184203911204674,0.012566118279130123,0.010394802994657004,0.008741741024358873,0.007261208473263059,0.005501094995798095,0.004021089035413983,0.0025410831058463312,0.0010610771894228321,0.0,0.0,0.0,0.0,0.0
69,0.006981101060987482,0.017819687742411272,0.015110763738467314,0.0122313558052769,0.010223052951409795,0.00846124277477478,0.006981101060987482,0.0054549655179449985,0.003966473646582314,0.0024827061285934704,0.0010000805026748605,0.0,0.0,0.0,0.0,0.0
70,0.0069510207122440715,0.0177433636832951,0.014978599640387946,0.012224212155643066,0.009989207381126297,0.008455401503365989,0.0069510207122440715,0.005303525591076941,0.003823755022659414,0.0023441996633695172,0.0008646537801326737,0.0,0.0,0.0,0.0,0.0
71,0.006783333849216255,0.01763153523762795,0.014897818122069806,0.01190515224099209,0.009941730031432838,0.008263237369483978,0.006783333849216255,0.005061083534102728,0.0035816160433699284,0.0021021505417926356,0.0006226854274467009,0.0,0.0,0.0,0.0,0.0
72,0.006540553600232535,0.01719164025147446,0.014872252745939951,0.011875115047598861,0.009743380551002767,0.008020026505713096,0.006540553600232535,0.004846093134336815,0.00336623313884421,0.0018865400911680652,0.00040691378582025095,0.0,0.0,0.0,0.0,0.0
73,0.006325987515700238,0.01708674444979774,0.014792548868775235,0.01181465384167546,0.0094995105528628,0.007805898174991555,0.006325987515700238,0.004843345753640538,0.003363741012921917,0.0018841374849112302,0.0004045349893322392,0.0,0.0,0.0,0.0,0.0
74,0.006322951885229466,0.016738353856830868,0.014053526007089534,0.011705780481167327,0.00928592640614001,0.007802621601606052,0.006322951885229466,0.004615724523724385,0.0031348415242544725,0.0016544720237117172,0.000174154364859902,0.0,0.0,0.0,0.0,0.0
75,0.006051403459554017,0.01659073205618622,0.013757010218560461,0.011616257906367888,0.009282521251054554,0.007532079522814872,0.006051403459554017,0.004570946972585421,0.0030910628228624226,0.0016112267296979343,0.0001313908275495379,0.0,0.0,0.0,0.0,0.0
76,0.00548799983484094,0.016176146032805372,0.01370924113949612,0.011422894443535503,0.009280655461413989,0.006967942516449721,0.00548799983484094,0.004008092982294764,0.0025282617891915216,0.0010487978504798434,0.0,0.0,0.0,0.0,0.0,0.0
77,0.005473394803727771,0.015561581546712278,0.013356120885931855,0.0112240072469878,0.009012755558330365,0.006953700973912014,0.005473394803727771,0.0039931341219028305,0.0025128734746286963,0.0010326128370945487,0.0,0.0,0.0,0.0,0.0,0.0
78,0.005248637768632269,0.015199075717655663,0.013190710333859101,0.010979030186901495,0.008930460038470311,0.006732252500055491,0.005248637768632269,0.0037664393957077547,0.002285303593446253,0.0008044914519647062,0.0,0.0,0.0,0.0,0.0,0.0
79,0.0050964219667946065,0.01483786020825284,0.012904551262997277,0.010795698432546574,0.008852884588092857,0.006576334516042115,0.0050964219667946065,0.0036165608103950753,0.0021366996817713257,0.0006568385528860077,0.0,0.0,0.0,0.0,0.0,0.0
80,0.004588091189371202,0.01468463096066741,0.012706892036400186,0.010766528149291688,0.008448143869204783,0.0063306567491234755,0.004588091189371202,0.0031085168886346715,0.0016290144520147987,0.00014953611323331728,0.0,0.0,0.0,0.0,0.0,0.0
81,0.004202489151665878,0.014387685467567524,0.012458773295097814,0.010762441372412557,0.008434192936147555,0.006067710171830054,0.004202489151665878,0.0027205874031792643,0.0012392540910404204,0.0,0.0,0.0,0.0,0.0,0.0,0.0
82,0.003963266963256551,0.014204479241346712,0.012247470315585929,0.010743179393407853,0.008217342581890774,0.005964380260936819,0.003963266963256551,0.002483112245107222,0.0010031345215704146,0.0,0.0,0.0,0.0,0.0,0.0,0.0
83,0.0037792886163607875,0.01394082508692751,0.012242829241474684,0.010494172020727,0.008056457004406825,0.005897670137240629,0.0037792886163607875,0.0022944677122818113,0.0008108193910603134,0.0,0.0,0.0,0.0,0.0,0.0,0.0
84,0.0037499539990970554,0.01372977241864004,0.011976410294398887,0.010156099157153653,0.007843027767568733,0.005687395201487533,0.0037499539990970554,0.002270345607335189,0.0007907387579200176,0.0,0.0,0.0,0.0,0.0,0.0,0.0
85,0.0036509510950155644,0.013724232850462093,0.011409817188529736,0.009928707451751562,0.007547405916184413,0.0052673013086130815,0.0036509510950155644,0.0021706633660860675,0.0006905657367923812,0.0,0.0,0.0,0.0,0.0,0.0,0.0
86,0.003588048178650105,0.013462097696259612,0.011398427390204802,0.009916098745178736,0.007177447380790403,0.0052296772525124435,0.003588048178650105,0.0021069672616857993,0.0006263979151965859,0.0,0.0,0.0,0.0,0.0,0.0,0.0
87,0.0030688363011339703,0.013267318853726895,0.011018345104918836,0.009537196373200052,0.006762811195800689,0.005131432323375096,0.0030688363011339703,0.0015893726215683301,0.00010990894200291201,0.0,0.0,0.0,0.0,0.0,0.0,0.0
88,0.003003941927691711,0.012891447223991825,0.010507939218938445,0.009027272718636903,0.006709586509255683,0.0048931102860512166,0.003003941927691711,0.0014536453784508296,0.0,0.0,0.0,0.0,0.0,0.0,0.0,0.0
89,0.0029336268610706817,0.012564021424080973,0.01023698182917876,0.008681753838554629,0.006612708267268452,0.0045482999806993885,0.0029336268610706817,0.0013430967659906479,0.0,0.0,0.0,0.0,0.0,0.0,0.0,0.0
90,0.002825388626328751,0.012547164516526044,0.010130724726792106,0.00818973078711327,0.006027763660265029,0.004413889962683992,0.002825388626328751,0.001301095249064188,0.0,0.0,0.0,0.0,0.0,0.0,0.0,0.0
91,0.002781421180090504,0.012500654613836426,0.00967026082046707,0.008095289818746743,0.005894861591633216,0.004309438355350803,0.002781421180090504,0.0012269505210920073,0.0,0.0,0.0,0.0,0.0,0.0,0.0,0.0
92,0.002706415014970487,0.011989750770004637,0.009579390472331806,0.007507227339830447,0.005793561224946231,0.004262217723793649,0.002706415014970487,0.0010899313657279919,0.0,0.0,0.0,0.0,0.0,0.0,0.0,0.0
93,0.0025697469133543205,0.01150407759308858,0.008986691019396087,0.0073772320350933285,0.005743785611692642,0.004185919948089811,0.0025697469133543205,0.0010886123787707813,0.0,0.0,0.0,0.0,0.0,0.0,0.0,0.0
94,0.002568097378578438,0.011151304081765456,0.008865264174388265,0.007226616001457575,0.005665716823194611,0.0040498253110727855,0.002568097378578438,0.0010501582503941176,0.0,0.0,0.0,0.0,0.0,0.0,0.0,0.0
95,0.002531135508642368,0.011070286173447297,0.00871193261354386,0.00714592250543955,0.005649255759325289,0.004047582377611159,0.002531135508642368,0.0007156945332811304,0.0,0.0,0.0,0.0,0.0,0.0,0.0,0.0
96,0.0021967895234769053,0.010466154698961505,0.00862620701636807,0.007114943037103139,0.005530205690985612,0.004012349984114483,0.0021967895234769053,0.0005345850446765166,0.0,0.0,0.0,0.0,0.0,0.0,0.0,0.0
97,0.002002364511284771,0.010410251629496381,0.008492075963607126,0.007010944601224978,0.005527067375869166,0.0036780622335754742,0.002002364511284771,0.0005222890914329259,0.0,0.0,0.0,0.0,0.0,0.0,0.0,0.0
98,0.0018587338338780235,0.010396000870722455,0.008486065996487824,0.007006552373352237,0.005494147910813263,0.003338656959798625,0.0018587338338780235,0.0003788521412875223,0.0,0.0,0.0,0.0,0.0,0.0,0.0,0.0
99,0.001821712285853927,0.010206264011355382,0.008465700868673931,0.006978098102274233,0.005160280659330718,0.0033018146768366563,0.001821712285853927,0.00034193762500445146,0.0,0.0,0.0,0.0,0.0,0.0,0.0,0.0
100,0.0016184503213558799,0.010106576255557664,0.008130595478783809,0.006643480170155591,0.004818980649747173,0.003159892938560782,0.0016184503213558799,9.799308433300347e-05,0.0,0.0,0.0,0.0,0.0,0.0,0.0,0.0
101,0.0015681498062858346,0.010103653781714517,0.007781157023190266,0.006299743947586478,0.004781965924472331,0.003049043230142212,0.0015681498062858346,8.772303279314109e-05,0.0,0.0,0.0,0.0,0.0,0.0,0.0,0.0
102,0.0015585482604947298,0.009974619538546836,0.007742766596944284,0.006262178900849458,0.0045308415999063545,0.0030407834916297283,0.0015585482604947298,7.695497808990481e-05,0.0,0.0,0.0,0.0,0.0,0.0,0.0,0.0
103,0.0015096943357630899,0.009965649682055266,0.007505006537608105,0.006014802165940081,0.0045246974474231205,0.0029893720533931134,0.0015096943357630899,3.0017814667937515e-05,0.0,0.0,0.0,0.0,0.0,0.0,0.0,0.0
104,0.0013796711678486506,0.009961053298926492,0.007503156556621038,0.006012179153229491,0.004469054479444123,0.0028596861279366337,0.0013796711678486506,0.0,0.0,0.0,0.0,0.0,0.0,0.0,0.0,0.0
105,0.0011347271596890973,0.009685466461128334,0.0074293611368327905,0.005949131812154729,0.00433996733549602,0.002614518296262025,0.0011347271596890973,0.0,0.0,0.0,0.0,0.0,0.0,0.0,0.0,0.0
106,0.0009824008467220757,0.009629659846728478,0.0073023660258606515,0.005820648428377595,0.004133904874476402,0.0024726081971888636,0.0009824008467220757,0.0,0.0,0.0,0.0,0.0,0.0,0.0,0.0,0.0
107,0.0005183774275121511,0.009005199815559806,0.007056270638021056,0.005574828085174621,0.0040943939346616,0.002003350292496986,0.0005183774275121511,0.0,0.0,0.0,0.0,0.0,0.0,0.0,0.0,0.0
108,0.0004920162427353159,0.008786581535273896,0.006419571370232857,0.004936027649230734,0.0034538597547459915,0.0019728021389786576,0.0004920162427353159,0.0,0.0,0.0,0.0,0.0,0.0,0.0,0.0,0.0
109,0.0004778356657098026,0.0085392270139657,0.006397307816533804,0.004917083541183143,0.0034372692675206373,0.001957524829645285,0.0004778356657098026,0.0,0.0,0.0,0.0,0.0,0.0,0.0,0.0,0.0
110,0.00044563913744877226,0.007981371761947242,0.006379740329858885,0.004892541589893495,0.0034087137764626796,0.0019271257492128324,0.00044563913744877226,0.0,0.0,0.0,0.0,0.0,0.0,0.0,0.0,0.0
111,0.0002771442488693765,0.007907609113503522,0.006218485004851448,0.004728430948389484,0.0032425630417742823,0.0017592645437205512,0.0002771442488693765,0.0,0.0,0.0,0.0,0.0,0.0,0.0,0.0,0.0
112,0.00017452299831877127,0.007878037722394815,0.006155181930926457,0.00464561813489639,0.0031484861992354674,0.0016600791951351113,0.00017452299831877127,0.0,0.0,0.0,0.0,0.0,0.0,0.0,0.0,0.0
113,0.0001130114395808679,0.007717779778875,0.006043971447487584,0.004558678877891076,0.0030757571503092773,0.0015942936875059655,0.0001130114395808679,0.0,0.0,0.0,0.0,0.0,0.0,0.0,0.0,0.0
114,0.0,0.0,0.0,0.0,0.0,0.0,0.0,0.0,0.0,0.0,0.0,0.0,0.0,0.0,0.0,0.0
